Id,AcceptedAnswerId,Link
326366,598997.0,https://stackoverflow.com/a/598997
359717,359725.0,https://stackoverflow.com/a/359725
980932,981468.0,https://stackoverflow.com/a/981468
1236439,1237753.0,https://stackoverflow.com/a/1237753
1258834,1745701.0,https://stackoverflow.com/a/1745701
2022549,2022612.0,https://stackoverflow.com/a/2022612
3016015,3027087.0,https://stackoverflow.com/a/3027087
4432075,4439199.0,https://stackoverflow.com/a/4439199
4439797,4440086.0,https://stackoverflow.com/a/4440086
4556252,4556306.0,https://stackoverflow.com/a/4556306
4598926,4599012.0,https://stackoverflow.com/a/4599012
7048854,7054864.0,https://stackoverflow.com/a/7054864
7304006,7304926.0,https://stackoverflow.com/a/7304926
7679733,7679766.0,https://stackoverflow.com/a/7679766
7699717,7699893.0,https://stackoverflow.com/a/7699893
7839597,7840406.0,https://stackoverflow.com/a/7840406
8123314,8123492.0,https://stackoverflow.com/a/8123492
8657698,8684270.0,https://stackoverflow.com/a/8684270
9054254,9265257.0,https://stackoverflow.com/a/9265257
9168994,9169068.0,https://stackoverflow.com/a/9169068
9391137,9391270.0,https://stackoverflow.com/a/9391270
9588748,9594781.0,https://stackoverflow.com/a/9594781
9802779,9819996.0,https://stackoverflow.com/a/9819996
9980294,9980586.0,https://stackoverflow.com/a/9980586
10170940,10252355.0,https://stackoverflow.com/a/10252355
10170940,10252355.0,https://stackoverflow.com/a/10252355
10247749,10250659.0,https://stackoverflow.com/a/10250659
10476572,12054906.0,https://stackoverflow.com/a/12054906
10673123,14028360.0,https://stackoverflow.com/a/14028360
10690115,10690347.0,https://stackoverflow.com/a/10690347
10784169,10799868.0,https://stackoverflow.com/a/10799868
10919857,10920256.0,https://stackoverflow.com/a/10920256
10923870,10932631.0,https://stackoverflow.com/a/10932631
11064969,11094651.0,https://stackoverflow.com/a/11094651
11248169,11261580.0,https://stackoverflow.com/a/11261580
11306027,11341045.0,https://stackoverflow.com/a/11341045
11513122,11513164.0,https://stackoverflow.com/a/11513164
11698968,11829600.0,https://stackoverflow.com/a/11829600
12004748,12332663.0,https://stackoverflow.com/a/12332663
12020334,14780863.0,https://stackoverflow.com/a/14780863
12028626,22038885.0,https://stackoverflow.com/a/22038885
12087385,12087521.0,https://stackoverflow.com/a/12087521
12242168,12242211.0,https://stackoverflow.com/a/12242211
12270740,12272004.0,https://stackoverflow.com/a/12272004
12318829,12352032.0,https://stackoverflow.com/a/12352032
12382382,12457158.0,https://stackoverflow.com/a/12457158
12504547,13324584.0,https://stackoverflow.com/a/13324584
12507134,12562924.0,https://stackoverflow.com/a/12562924
12559029,12563297.0,https://stackoverflow.com/a/12563297
12729100,12730363.0,https://stackoverflow.com/a/12730363
12892318,12893712.0,https://stackoverflow.com/a/12893712
13056153,13077220.0,https://stackoverflow.com/a/13077220
13063536,13311108.0,https://stackoverflow.com/a/13311108
13085151,13271771.0,https://stackoverflow.com/a/13271771
13364414,13364451.0,https://stackoverflow.com/a/13364451
13561945,13562256.0,https://stackoverflow.com/a/13562256
13767870,13770391.0,https://stackoverflow.com/a/13770391
13825378,14045742.0,https://stackoverflow.com/a/14045742
13834716,14616115.0,https://stackoverflow.com/a/14616115
13991036,13993121.0,https://stackoverflow.com/a/13993121
14001746,14004283.0,https://stackoverflow.com/a/14004283
14475459,14488291.0,https://stackoverflow.com/a/14488291
14487518,14499499.0,https://stackoverflow.com/a/14499499
14534834,14534961.0,https://stackoverflow.com/a/14534961
14598065,14600959.0,https://stackoverflow.com/a/14600959
15006547,15009709.0,https://stackoverflow.com/a/15009709
15106856,15107526.0,https://stackoverflow.com/a/15107526
15224492,15338014.0,https://stackoverflow.com/a/15338014
15239231,15239965.0,https://stackoverflow.com/a/15239965
15580847,16828645.0,https://stackoverflow.com/a/16828645
15919715,15921805.0,https://stackoverflow.com/a/15921805
16001298,16133529.0,https://stackoverflow.com/a/16133529
16163032,16192342.0,https://stackoverflow.com/a/16192342
16200946,16201141.0,https://stackoverflow.com/a/16201141
16563253,16570139.0,https://stackoverflow.com/a/16570139
16617053,16617200.0,https://stackoverflow.com/a/16617200
16819801,16827336.0,https://stackoverflow.com/a/16827336
16911661,17929670.0,https://stackoverflow.com/a/17929670
16937042,16938606.0,https://stackoverflow.com/a/16938606
16942433,16985508.0,https://stackoverflow.com/a/16985508
17126323,17231072.0,https://stackoverflow.com/a/17231072
17575941,18747668.0,https://stackoverflow.com/a/18747668
17886545,17886901.0,https://stackoverflow.com/a/17886901
17934697,17937655.0,https://stackoverflow.com/a/17937655
17958629,17967760.0,https://stackoverflow.com/a/17967760
18102800,23245989.0,https://stackoverflow.com/a/23245989
18234790,19623468.0,https://stackoverflow.com/a/19623468
18270581,22000445.0,https://stackoverflow.com/a/22000445
18321902,18322007.0,https://stackoverflow.com/a/18322007
18335697,18376080.0,https://stackoverflow.com/a/18376080
18368258,18371801.0,https://stackoverflow.com/a/18371801
18440385,18448749.0,https://stackoverflow.com/a/18448749
18557198,18560950.0,https://stackoverflow.com/a/18560950
18617586,18642298.0,https://stackoverflow.com/a/18642298
18730532,18848087.0,https://stackoverflow.com/a/18848087
19796320,19803841.0,https://stackoverflow.com/a/19803841
19802076,22351159.0,https://stackoverflow.com/a/22351159
20287085,20287978.0,https://stackoverflow.com/a/20287978
20693110,20896772.0,https://stackoverflow.com/a/20896772
20738551,20739237.0,https://stackoverflow.com/a/20739237
20770100,20771114.0,https://stackoverflow.com/a/20771114
21042729,21043245.0,https://stackoverflow.com/a/21043245
21122367,27391187.0,https://stackoverflow.com/a/27391187
21177958,21180277.0,https://stackoverflow.com/a/21180277
21178560,21428212.0,https://stackoverflow.com/a/21428212
21314917,21380412.0,https://stackoverflow.com/a/21380412
21422363,21586758.0,https://stackoverflow.com/a/21586758
21422363,21586758.0,https://stackoverflow.com/a/21586758
21437901,21519585.0,https://stackoverflow.com/a/21519585
21473504,21480008.0,https://stackoverflow.com/a/21480008
21492201,21559754.0,https://stackoverflow.com/a/21559754
21669676,21670905.0,https://stackoverflow.com/a/21670905
21871067,21872615.0,https://stackoverflow.com/a/21872615
21907126,21930521.0,https://stackoverflow.com/a/21930521
22008343,22019823.0,https://stackoverflow.com/a/22019823
22319457,22321201.0,https://stackoverflow.com/a/22321201
22377933,22382772.0,https://stackoverflow.com/a/22382772
22563944,22564021.0,https://stackoverflow.com/a/22564021
22887879,22950701.0,https://stackoverflow.com/a/22950701
23062636,23077311.0,https://stackoverflow.com/a/23077311
23234021,23234985.0,https://stackoverflow.com/a/23234985
23261369,23261757.0,https://stackoverflow.com/a/23261757
23265831,23308734.0,https://stackoverflow.com/a/23308734
23554357,23569191.0,https://stackoverflow.com/a/23569191
23695745,23870804.0,https://stackoverflow.com/a/23870804
23984516,23998976.0,https://stackoverflow.com/a/23998976
24559072,24559198.0,https://stackoverflow.com/a/24559198
24764540,24787109.0,https://stackoverflow.com/a/24787109
25077760,30045516.0,https://stackoverflow.com/a/30045516
25731858,25732576.0,https://stackoverflow.com/a/25732576
25926998,26032244.0,https://stackoverflow.com/a/26032244
25935255,25941537.0,https://stackoverflow.com/a/25941537
26226598,26227058.0,https://stackoverflow.com/a/26227058
26235358,26245292.0,https://stackoverflow.com/a/26245292
27398134,27409270.0,https://stackoverflow.com/a/27409270
27748865,27751797.0,https://stackoverflow.com/a/27751797
27922716,30671959.0,https://stackoverflow.com/a/30671959
28019888,30672157.0,https://stackoverflow.com/a/30672157
28034827,28035613.0,https://stackoverflow.com/a/28035613
28073629,28076270.0,https://stackoverflow.com/a/28076270
28393085,28405330.0,https://stackoverflow.com/a/28405330
28610006,28618059.0,https://stackoverflow.com/a/28618059
28963021,28966206.0,https://stackoverflow.com/a/28966206
28991453,31678351.0,https://stackoverflow.com/a/31678351
29035915,29036758.0,https://stackoverflow.com/a/29036758
29308113,29347273.0,https://stackoverflow.com/a/29347273
29458112,29458437.0,https://stackoverflow.com/a/29458437
29606122,29628716.0,https://stackoverflow.com/a/29628716
29658339,29658698.0,https://stackoverflow.com/a/29658698
29800320,29818020.0,https://stackoverflow.com/a/29818020
29905159,29910145.0,https://stackoverflow.com/a/29910145
30487441,30488163.0,https://stackoverflow.com/a/30488163
30877737,31037561.0,https://stackoverflow.com/a/31037561
31052944,31053187.0,https://stackoverflow.com/a/31053187
31101619,31118129.0,https://stackoverflow.com/a/31118129
31116437,31117267.0,https://stackoverflow.com/a/31117267
31145919,31157469.0,https://stackoverflow.com/a/31157469
31386733,31481768.0,https://stackoverflow.com/a/31481768
31413681,31434648.0,https://stackoverflow.com/a/31434648
31501424,34230778.0,https://stackoverflow.com/a/34230778
31794085,31798483.0,https://stackoverflow.com/a/31798483
31838489,31844407.0,https://stackoverflow.com/a/31844407
31838520,31862209.0,https://stackoverflow.com/a/31862209
31967389,31967744.0,https://stackoverflow.com/a/31967744
31990161,31994841.0,https://stackoverflow.com/a/31994841
32201636,32216950.0,https://stackoverflow.com/a/32216950
32306914,33422145.0,https://stackoverflow.com/a/33422145
32380983,32394790.0,https://stackoverflow.com/a/32394790
32571070,32575808.0,https://stackoverflow.com/a/32575808
32662381,32679556.0,https://stackoverflow.com/a/32679556
32698744,32717351.0,https://stackoverflow.com/a/32717351
32723648,32736604.0,https://stackoverflow.com/a/32736604
32750425,32763258.0,https://stackoverflow.com/a/32763258
32772409,32777152.0,https://stackoverflow.com/a/32777152
32791968,32812869.0,https://stackoverflow.com/a/32812869
32833023,32833066.0,https://stackoverflow.com/a/32833066
33401059,33401226.0,https://stackoverflow.com/a/33401226
33952130,34266320.0,https://stackoverflow.com/a/34266320
34085695,34230707.0,https://stackoverflow.com/a/34230707
34164510,34342890.0,https://stackoverflow.com/a/34342890
34172317,34173894.0,https://stackoverflow.com/a/34173894
34292278,34292944.0,https://stackoverflow.com/a/34292944
34341952,34342468.0,https://stackoverflow.com/a/34342468
34510911,37623315.0,https://stackoverflow.com/a/37623315
34515865,35289021.0,https://stackoverflow.com/a/35289021
34518419,35660589.0,https://stackoverflow.com/a/35660589
34656482,34683153.0,https://stackoverflow.com/a/34683153
34679862,34691418.0,https://stackoverflow.com/a/34691418
34757888,36088750.0,https://stackoverflow.com/a/36088750
34814468,35242521.0,https://stackoverflow.com/a/35242521
34823823,35358288.0,https://stackoverflow.com/a/35358288
34860991,35817199.0,https://stackoverflow.com/a/35817199
34920892,35080556.0,https://stackoverflow.com/a/35080556
34920892,35080556.0,https://stackoverflow.com/a/35080556
34963112,34963113.0,https://stackoverflow.com/a/34963113
34971515,34971526.0,https://stackoverflow.com/a/34971526
35041549,35126508.0,https://stackoverflow.com/a/35126508
35343564,35345988.0,https://stackoverflow.com/a/35345988
35476777,35478050.0,https://stackoverflow.com/a/35478050
35482963,35483732.0,https://stackoverflow.com/a/35483732
35569887,35649473.0,https://stackoverflow.com/a/35649473
35578153,35581430.0,https://stackoverflow.com/a/35581430
35578153,35581430.0,https://stackoverflow.com/a/35581430
35609644,35820106.0,https://stackoverflow.com/a/35820106
35660296,35661315.0,https://stackoverflow.com/a/35661315
35742554,35750249.0,https://stackoverflow.com/a/35750249
35776176,35778165.0,https://stackoverflow.com/a/35778165
35837025,35900101.0,https://stackoverflow.com/a/35900101
35837025,35900101.0,https://stackoverflow.com/a/35900101
35894935,35896046.0,https://stackoverflow.com/a/35896046
36229215,36756651.0,https://stackoverflow.com/a/36756651
36257435,36768300.0,https://stackoverflow.com/a/36768300
36402477,37623781.0,https://stackoverflow.com/a/37623781
36693712,36754986.0,https://stackoverflow.com/a/36754986
36813793,36837980.0,https://stackoverflow.com/a/36837980
36813793,36837980.0,https://stackoverflow.com/a/36837980
37020959,37021281.0,https://stackoverflow.com/a/37021281
37125043,37127426.0,https://stackoverflow.com/a/37127426
37169827,37401434.0,https://stackoverflow.com/a/37401434
37196287,37633138.0,https://stackoverflow.com/a/37633138
37306094,37352405.0,https://stackoverflow.com/a/37352405
37604407,37608794.0,https://stackoverflow.com/a/37608794
37707699,37707903.0,https://stackoverflow.com/a/37707903
37915834,43729308.0,https://stackoverflow.com/a/43729308
38014078,38043309.0,https://stackoverflow.com/a/38043309
38112943,38156230.0,https://stackoverflow.com/a/38156230
38168927,38172051.0,https://stackoverflow.com/a/38172051
38168927,38172051.0,https://stackoverflow.com/a/38172051
38233602,38444595.0,https://stackoverflow.com/a/38444595
38264023,38272266.0,https://stackoverflow.com/a/38272266
38342186,38546756.0,https://stackoverflow.com/a/38546756
38370965,38372344.0,https://stackoverflow.com/a/38372344
38376454,38380487.0,https://stackoverflow.com/a/38380487
38434097,38438100.0,https://stackoverflow.com/a/38438100
38461337,38462362.0,https://stackoverflow.com/a/38462362
38540962,38541206.0,https://stackoverflow.com/a/38541206
38690138,38717929.0,https://stackoverflow.com/a/38717929
38699998,38701235.0,https://stackoverflow.com/a/38701235
38781470,38790875.0,https://stackoverflow.com/a/38790875
38866325,38867204.0,https://stackoverflow.com/a/38867204
38951765,42356013.0,https://stackoverflow.com/a/42356013
39108557,39110466.0,https://stackoverflow.com/a/39110466
39149917,39150859.0,https://stackoverflow.com/a/39150859
39154832,39262978.0,https://stackoverflow.com/a/39262978
39232599,39262911.0,https://stackoverflow.com/a/39262911
39246337,40106690.0,https://stackoverflow.com/a/40106690
39376162,39399948.0,https://stackoverflow.com/a/39399948
39471301,39472150.0,https://stackoverflow.com/a/39472150
39488461,39489286.0,https://stackoverflow.com/a/39489286
39490200,39493806.0,https://stackoverflow.com/a/39493806
39493708,39495121.0,https://stackoverflow.com/a/39495121
39566021,41010716.0,https://stackoverflow.com/a/41010716
39566021,41010716.0,https://stackoverflow.com/a/41010716
39875139,39875368.0,https://stackoverflow.com/a/39875368
39919128,39948462.0,https://stackoverflow.com/a/39948462
40064989,40126519.0,https://stackoverflow.com/a/40126519
40159662,40179372.0,https://stackoverflow.com/a/40179372
40471357,40745293.0,https://stackoverflow.com/a/40745293
40484940,40489105.0,https://stackoverflow.com/a/40489105
40525663,40525918.0,https://stackoverflow.com/a/40525918
40605606,40608612.0,https://stackoverflow.com/a/40608612
40642721,40645918.0,https://stackoverflow.com/a/40645918
40777490,42812463.0,https://stackoverflow.com/a/42812463
40871998,40965219.0,https://stackoverflow.com/a/40965219
40934677,40934756.0,https://stackoverflow.com/a/40934756
40935625,40939540.0,https://stackoverflow.com/a/40939540
40942931,40942955.0,https://stackoverflow.com/a/40942955
41097730,41112537.0,https://stackoverflow.com/a/41112537
41173895,41174322.0,https://stackoverflow.com/a/41174322
41174301,41175512.0,https://stackoverflow.com/a/41175512
41233968,41247829.0,https://stackoverflow.com/a/41247829
41351244,41366243.0,https://stackoverflow.com/a/41366243
41438021,41438099.0,https://stackoverflow.com/a/41438099
41438021,41438099.0,https://stackoverflow.com/a/41438099
41467659,41470683.0,https://stackoverflow.com/a/41470683
41638663,41641039.0,https://stackoverflow.com/a/41641039
41639069,41642881.0,https://stackoverflow.com/a/41642881
41645111,41646149.0,https://stackoverflow.com/a/41646149
41679881,41685616.0,https://stackoverflow.com/a/41685616
41803929,41813107.0,https://stackoverflow.com/a/41813107
41813166,41824279.0,https://stackoverflow.com/a/41824279
41860322,41878788.0,https://stackoverflow.com/a/41878788
41867303,41879174.0,https://stackoverflow.com/a/41879174
41904477,41905378.0,https://stackoverflow.com/a/41905378
41935351,41935566.0,https://stackoverflow.com/a/41935566
41945601,41946787.0,https://stackoverflow.com/a/41946787
41984603,42008662.0,https://stackoverflow.com/a/42008662
42006707,43079192.0,https://stackoverflow.com/a/43079192
42010994,42011273.0,https://stackoverflow.com/a/42011273
42020377,42059219.0,https://stackoverflow.com/a/42059219
42053998,42334075.0,https://stackoverflow.com/a/42334075
42083446,42114807.0,https://stackoverflow.com/a/42114807
42227249,42232784.0,https://stackoverflow.com/a/42232784
42238738,42258002.0,https://stackoverflow.com/a/42258002
42239047,42239281.0,https://stackoverflow.com/a/42239281
42254535,42256077.0,https://stackoverflow.com/a/42256077
42295539,42296365.0,https://stackoverflow.com/a/42296365
42340445,42346442.0,https://stackoverflow.com/a/42346442
42470252,42487858.0,https://stackoverflow.com/a/42487858
42506938,42528208.0,https://stackoverflow.com/a/42528208
42560474,42560655.0,https://stackoverflow.com/a/42560655
42619631,42622612.0,https://stackoverflow.com/a/42622612
42647054,42658273.0,https://stackoverflow.com/a/42658273
42672196,42678240.0,https://stackoverflow.com/a/42678240
42677688,42680642.0,https://stackoverflow.com/a/42680642
42705379,43521379.0,https://stackoverflow.com/a/43521379
42756855,42783612.0,https://stackoverflow.com/a/42783612
42797456,42835329.0,https://stackoverflow.com/a/42835329
42835744,42850881.0,https://stackoverflow.com/a/42850881
42841546,42941166.0,https://stackoverflow.com/a/42941166
42859142,42863213.0,https://stackoverflow.com/a/42863213
42859891,42869992.0,https://stackoverflow.com/a/42869992
42914503,43007197.0,https://stackoverflow.com/a/43007197
42938295,43102898.0,https://stackoverflow.com/a/43102898
42955004,42990430.0,https://stackoverflow.com/a/42990430
42996482,43005200.0,https://stackoverflow.com/a/43005200
43033640,43052141.0,https://stackoverflow.com/a/43052141
43045887,43050846.0,https://stackoverflow.com/a/43050846
43079162,43081485.0,https://stackoverflow.com/a/43081485
43097927,43102921.0,https://stackoverflow.com/a/43102921
43157336,43157480.0,https://stackoverflow.com/a/43157480
43212275,43214315.0,https://stackoverflow.com/a/43214315
43213661,43237384.0,https://stackoverflow.com/a/43237384
43243120,43271119.0,https://stackoverflow.com/a/43271119
43244727,43266632.0,https://stackoverflow.com/a/43266632
43332875,43342104.0,https://stackoverflow.com/a/43342104
43462940,43469841.0,https://stackoverflow.com/a/43469841
43480568,43505601.0,https://stackoverflow.com/a/43505601
43496400,43516236.0,https://stackoverflow.com/a/43516236
43500546,43527328.0,https://stackoverflow.com/a/43527328
43549104,43875715.0,https://stackoverflow.com/a/43875715
43612228,43617660.0,https://stackoverflow.com/a/43617660
43634549,43693021.0,https://stackoverflow.com/a/43693021
43642384,49054438.0,https://stackoverflow.com/a/49054438
43667724,43789456.0,https://stackoverflow.com/a/43789456
43725028,43725574.0,https://stackoverflow.com/a/43725574
43734104,45004786.0,https://stackoverflow.com/a/45004786
43734104,45004786.0,https://stackoverflow.com/a/45004786
43734104,45004786.0,https://stackoverflow.com/a/45004786
43752772,43753201.0,https://stackoverflow.com/a/43753201
43764771,43771829.0,https://stackoverflow.com/a/43771829
43860901,43906292.0,https://stackoverflow.com/a/43906292
43861008,43876986.0,https://stackoverflow.com/a/43876986
43876357,43878513.0,https://stackoverflow.com/a/43878513
43908577,43908905.0,https://stackoverflow.com/a/43908905
43924709,46275349.0,https://stackoverflow.com/a/46275349
44005685,44006712.0,https://stackoverflow.com/a/44006712
44013975,44029880.0,https://stackoverflow.com/a/44029880
44025410,44031451.0,https://stackoverflow.com/a/44031451
44073502,44073514.0,https://stackoverflow.com/a/44073514
44076048,44078297.0,https://stackoverflow.com/a/44078297
44080566,44118868.0,https://stackoverflow.com/a/44118868
44091275,44118670.0,https://stackoverflow.com/a/44118670
44106979,49138082.0,https://stackoverflow.com/a/49138082
44140332,44168279.0,https://stackoverflow.com/a/44168279
44165995,44166461.0,https://stackoverflow.com/a/44166461
44178802,44183881.0,https://stackoverflow.com/a/44183881
44233707,44257006.0,https://stackoverflow.com/a/44257006
44242378,44286904.0,https://stackoverflow.com/a/44286904
44272066,44289957.0,https://stackoverflow.com/a/44289957
44285870,44291506.0,https://stackoverflow.com/a/44291506
44335833,44337406.0,https://stackoverflow.com/a/44337406
44376454,44377250.0,https://stackoverflow.com/a/44377250
44398453,44399044.0,https://stackoverflow.com/a/44399044
44421727,44423604.0,https://stackoverflow.com/a/44423604
44446144,44446854.0,https://stackoverflow.com/a/44446854
44446679,44908658.0,https://stackoverflow.com/a/44908658
44497664,45798686.0,https://stackoverflow.com/a/45798686
44497664,45798686.0,https://stackoverflow.com/a/45798686
44525150,44879590.0,https://stackoverflow.com/a/44879590
44528282,44528476.0,https://stackoverflow.com/a/44528476
44634946,44637181.0,https://stackoverflow.com/a/44637181
44641222,44648467.0,https://stackoverflow.com/a/44648467
44680025,44688432.0,https://stackoverflow.com/a/44688432
44694808,44705495.0,https://stackoverflow.com/a/44705495
44767791,44784010.0,https://stackoverflow.com/a/44784010
44789178,44789435.0,https://stackoverflow.com/a/44789435
44867066,48816233.0,https://stackoverflow.com/a/48816233
44889483,44903596.0,https://stackoverflow.com/a/44903596
44903106,44907650.0,https://stackoverflow.com/a/44907650
44952033,44953414.0,https://stackoverflow.com/a/44953414
44956629,44957421.0,https://stackoverflow.com/a/44957421
44980903,49137257.0,https://stackoverflow.com/a/49137257
45009092,45020357.0,https://stackoverflow.com/a/45020357
45019323,45022003.0,https://stackoverflow.com/a/45022003
45045407,45045556.0,https://stackoverflow.com/a/45045556
45045520,45060907.0,https://stackoverflow.com/a/45060907
45091910,45092340.0,https://stackoverflow.com/a/45092340
45120914,45124417.0,https://stackoverflow.com/a/45124417
45133010,45149362.0,https://stackoverflow.com/a/45149362
45145338,45183005.0,https://stackoverflow.com/a/45183005
45172081,45174367.0,https://stackoverflow.com/a/45174367
45177765,45178685.0,https://stackoverflow.com/a/45178685
45197195,45198522.0,https://stackoverflow.com/a/45198522
45209796,45245455.0,https://stackoverflow.com/a/45245455
45224565,45225196.0,https://stackoverflow.com/a/45225196
45245708,45247603.0,https://stackoverflow.com/a/45247603
45288895,45289910.0,https://stackoverflow.com/a/45289910
45312549,45313346.0,https://stackoverflow.com/a/45313346
45324416,45327646.0,https://stackoverflow.com/a/45327646
45324749,45331384.0,https://stackoverflow.com/a/45331384
45336337,45337408.0,https://stackoverflow.com/a/45337408
45363366,45383656.0,https://stackoverflow.com/a/45383656
45389127,45395922.0,https://stackoverflow.com/a/45395922
45425713,45425950.0,https://stackoverflow.com/a/45425950
45460204,45467982.0,https://stackoverflow.com/a/45467982
45473657,45476085.0,https://stackoverflow.com/a/45476085
45494320,45495339.0,https://stackoverflow.com/a/45495339
45511290,45512278.0,https://stackoverflow.com/a/45512278
45513359,45514807.0,https://stackoverflow.com/a/45514807
45555483,45555935.0,https://stackoverflow.com/a/45555935
45662481,45662782.0,https://stackoverflow.com/a/45662782
45672938,51124401.0,https://stackoverflow.com/a/51124401
45709701,45713820.0,https://stackoverflow.com/a/45713820
45711200,45715317.0,https://stackoverflow.com/a/45715317
45722513,45723165.0,https://stackoverflow.com/a/45723165
45723760,45723948.0,https://stackoverflow.com/a/45723948
45731288,45735159.0,https://stackoverflow.com/a/45735159
45748997,45760864.0,https://stackoverflow.com/a/45760864
45751896,46696805.0,https://stackoverflow.com/a/46696805
45766911,50414183.0,https://stackoverflow.com/a/50414183
45772221,45773236.0,https://stackoverflow.com/a/45773236
45802802,45808436.0,https://stackoverflow.com/a/45808436
45806521,45806735.0,https://stackoverflow.com/a/45806735
45824743,45931046.0,https://stackoverflow.com/a/45931046
45846521,45873779.0,https://stackoverflow.com/a/45873779
45853491,57092928.0,https://stackoverflow.com/a/57092928
45874369,45874750.0,https://stackoverflow.com/a/45874750
45875383,45884611.0,https://stackoverflow.com/a/45884611
45941854,45948958.0,https://stackoverflow.com/a/45948958
45954124,45964697.0,https://stackoverflow.com/a/45964697
45963371,45965011.0,https://stackoverflow.com/a/45965011
45980951,45986363.0,https://stackoverflow.com/a/45986363
45996851,46004654.0,https://stackoverflow.com/a/46004654
45999270,46004870.0,https://stackoverflow.com/a/46004870
46001148,46005068.0,https://stackoverflow.com/a/46005068
46057517,46059840.0,https://stackoverflow.com/a/46059840
46060441,46064499.0,https://stackoverflow.com/a/46064499
46065546,46389577.0,https://stackoverflow.com/a/46389577
46065546,46389577.0,https://stackoverflow.com/a/46389577
46067509,46080418.0,https://stackoverflow.com/a/46080418
46088465,46822312.0,https://stackoverflow.com/a/46822312
46090082,46101784.0,https://stackoverflow.com/a/46101784
46171283,46172225.0,https://stackoverflow.com/a/46172225
46206207,46206515.0,https://stackoverflow.com/a/46206515
46227182,46227509.0,https://stackoverflow.com/a/46227509
46236405,46241295.0,https://stackoverflow.com/a/46241295
46241609,46241817.0,https://stackoverflow.com/a/46241817
46275169,46314852.0,https://stackoverflow.com/a/46314852
46321865,46356296.0,https://stackoverflow.com/a/46356296
46330301,46356207.0,https://stackoverflow.com/a/46356207
46362311,52446917.0,https://stackoverflow.com/a/52446917
46378576,46431687.0,https://stackoverflow.com/a/46431687
46421271,46480442.0,https://stackoverflow.com/a/46480442
46422037,46431172.0,https://stackoverflow.com/a/46431172
46463283,46471834.0,https://stackoverflow.com/a/46471834
46492413,46521657.0,https://stackoverflow.com/a/46521657
46514457,46531415.0,https://stackoverflow.com/a/46531415
46600731,46838297.0,https://stackoverflow.com/a/46838297
46608926,46614637.0,https://stackoverflow.com/a/46614637
46627009,46879872.0,https://stackoverflow.com/a/46879872
46655042,46655198.0,https://stackoverflow.com/a/46655198
46717398,46718776.0,https://stackoverflow.com/a/46718776
46739891,46821549.0,https://stackoverflow.com/a/46821549
46744192,46745876.0,https://stackoverflow.com/a/46745876
46776955,46858732.0,https://stackoverflow.com/a/46858732
46801400,46821065.0,https://stackoverflow.com/a/46821065
46882235,46917027.0,https://stackoverflow.com/a/46917027
46914814,46916888.0,https://stackoverflow.com/a/46916888
46921029,46921746.0,https://stackoverflow.com/a/46921746
46978495,46978771.0,https://stackoverflow.com/a/46978771
47025667,47025945.0,https://stackoverflow.com/a/47025945
47060216,47176131.0,https://stackoverflow.com/a/47176131
47087186,47129909.0,https://stackoverflow.com/a/47129909
47178776,47179410.0,https://stackoverflow.com/a/47179410
47178968,47599711.0,https://stackoverflow.com/a/47599711
47189669,47190029.0,https://stackoverflow.com/a/47190029
47194805,47216370.0,https://stackoverflow.com/a/47216370
47305630,47314358.0,https://stackoverflow.com/a/47314358
47317006,47317299.0,https://stackoverflow.com/a/47317299
47345382,47529181.0,https://stackoverflow.com/a/47529181
47345382,47529181.0,https://stackoverflow.com/a/47529181
47358219,47358620.0,https://stackoverflow.com/a/47358620
47432384,47697051.0,https://stackoverflow.com/a/47697051
47437912,47469309.0,https://stackoverflow.com/a/47469309
47442099,47442519.0,https://stackoverflow.com/a/47442519
47451392,47477534.0,https://stackoverflow.com/a/47477534
47518599,47542651.0,https://stackoverflow.com/a/47542651
47520197,47601611.0,https://stackoverflow.com/a/47601611
47564757,47578307.0,https://stackoverflow.com/a/47578307
47704069,47705874.0,https://stackoverflow.com/a/47705874
47731051,47757836.0,https://stackoverflow.com/a/47757836
47732539,47762641.0,https://stackoverflow.com/a/47762641
47737631,47758205.0,https://stackoverflow.com/a/47758205
47764200,47777785.0,https://stackoverflow.com/a/47777785
47802967,47803162.0,https://stackoverflow.com/a/47803162
47817723,47819995.0,https://stackoverflow.com/a/47819995
47820165,47820497.0,https://stackoverflow.com/a/47820497
47820479,47821060.0,https://stackoverflow.com/a/47821060
47823345,47823889.0,https://stackoverflow.com/a/47823889
47830107,47877190.0,https://stackoverflow.com/a/47877190
47886587,47892250.0,https://stackoverflow.com/a/47892250
47910518,47914817.0,https://stackoverflow.com/a/47914817
48001643,48030672.0,https://stackoverflow.com/a/48030672
48001643,48030672.0,https://stackoverflow.com/a/48030672
48119162,48156660.0,https://stackoverflow.com/a/48156660
48163325,48192184.0,https://stackoverflow.com/a/48192184
48279047,48283713.0,https://stackoverflow.com/a/48283713
48324549,48328978.0,https://stackoverflow.com/a/48328978
48383905,48427087.0,https://stackoverflow.com/a/48427087
48426028,48555216.0,https://stackoverflow.com/a/48555216
48439073,48453505.0,https://stackoverflow.com/a/48453505
48439868,48454348.0,https://stackoverflow.com/a/48454348
48452352,48567347.0,https://stackoverflow.com/a/48567347
48466362,48571299.0,https://stackoverflow.com/a/48571299
48482803,48507580.0,https://stackoverflow.com/a/48507580
48528931,48531104.0,https://stackoverflow.com/a/48531104
48591858,48592770.0,https://stackoverflow.com/a/48592770
48602318,48649130.0,https://stackoverflow.com/a/48649130
48611208,48625742.0,https://stackoverflow.com/a/48625742
48621603,48648833.0,https://stackoverflow.com/a/48648833
48628269,48754612.0,https://stackoverflow.com/a/48754612
48633390,48634523.0,https://stackoverflow.com/a/48634523
48642274,48648331.0,https://stackoverflow.com/a/48648331
48646795,48649699.0,https://stackoverflow.com/a/48649699
48651904,48653416.0,https://stackoverflow.com/a/48653416
48757984,48785870.0,https://stackoverflow.com/a/48785870
48793853,48812634.0,https://stackoverflow.com/a/48812634
48805877,48807985.0,https://stackoverflow.com/a/48807985
48842439,48915964.0,https://stackoverflow.com/a/48915964
48865565,48867162.0,https://stackoverflow.com/a/48867162
48871444,48883104.0,https://stackoverflow.com/a/48883104
48875608,48887044.0,https://stackoverflow.com/a/48887044
48881818,48883423.0,https://stackoverflow.com/a/48883423
48891615,48917812.0,https://stackoverflow.com/a/48917812
48926866,48934032.0,https://stackoverflow.com/a/48934032
48950826,49372953.0,https://stackoverflow.com/a/49372953
48981236,48981346.0,https://stackoverflow.com/a/48981346
49006215,49010071.0,https://stackoverflow.com/a/49010071
49020892,49036396.0,https://stackoverflow.com/a/49036396
49042255,49051555.0,https://stackoverflow.com/a/49051555
49103880,49117350.0,https://stackoverflow.com/a/49117350
49146043,49161350.0,https://stackoverflow.com/a/49161350
49175094,49181247.0,https://stackoverflow.com/a/49181247
49220818,49241827.0,https://stackoverflow.com/a/49241827
49222741,49240443.0,https://stackoverflow.com/a/49240443
49223721,49239557.0,https://stackoverflow.com/a/49239557
49229199,49238182.0,https://stackoverflow.com/a/49238182
49242888,49244844.0,https://stackoverflow.com/a/49244844
49301986,49310952.0,https://stackoverflow.com/a/49310952
49311336,49374474.0,https://stackoverflow.com/a/49374474
49379459,49423754.0,https://stackoverflow.com/a/49423754
49414963,49416804.0,https://stackoverflow.com/a/49416804
49424033,49424237.0,https://stackoverflow.com/a/49424237
49428459,49435872.0,https://stackoverflow.com/a/49435872
49434916,49437423.0,https://stackoverflow.com/a/49437423
49447462,49453797.0,https://stackoverflow.com/a/49453797
49449205,49453973.0,https://stackoverflow.com/a/49453973
49467664,49504934.0,https://stackoverflow.com/a/49504934
49471316,49481920.0,https://stackoverflow.com/a/49481920
49474886,49496444.0,https://stackoverflow.com/a/49496444
49488781,49489910.0,https://stackoverflow.com/a/49489910
49496987,49548285.0,https://stackoverflow.com/a/49548285
49504777,49560905.0,https://stackoverflow.com/a/49560905
49506812,49560414.0,https://stackoverflow.com/a/49560414
49509195,49515061.0,https://stackoverflow.com/a/49515061
49528679,49561806.0,https://stackoverflow.com/a/49561806
49544447,49563164.0,https://stackoverflow.com/a/49563164
49546104,49546391.0,https://stackoverflow.com/a/49546391
49553459,49638798.0,https://stackoverflow.com/a/49638798
49565318,49579261.0,https://stackoverflow.com/a/49579261
49573392,49577258.0,https://stackoverflow.com/a/49577258
49615281,49618006.0,https://stackoverflow.com/a/49618006
49659166,49662123.0,https://stackoverflow.com/a/49662123
49666940,49677679.0,https://stackoverflow.com/a/49677679
49669653,49677160.0,https://stackoverflow.com/a/49677160
49670353,49671170.0,https://stackoverflow.com/a/49671170
49689289,49736731.0,https://stackoverflow.com/a/49736731
49692206,49693077.0,https://stackoverflow.com/a/49693077
49715967,49736000.0,https://stackoverflow.com/a/49736000
49717039,49755970.0,https://stackoverflow.com/a/49755970
49738995,49741987.0,https://stackoverflow.com/a/49741987
49747691,49805174.0,https://stackoverflow.com/a/49805174
49770636,49771307.0,https://stackoverflow.com/a/49771307
49789544,49922318.0,https://stackoverflow.com/a/49922318
49789544,49922318.0,https://stackoverflow.com/a/49922318
49809115,49821135.0,https://stackoverflow.com/a/49821135
49895043,49904647.0,https://stackoverflow.com/a/49904647
49897894,49927422.0,https://stackoverflow.com/a/49927422
49920361,49926916.0,https://stackoverflow.com/a/49926916
49925236,49926085.0,https://stackoverflow.com/a/49926085
49933936,50049137.0,https://stackoverflow.com/a/50049137
49944261,49946296.0,https://stackoverflow.com/a/49946296
49957580,49986912.0,https://stackoverflow.com/a/49986912
49958989,49967478.0,https://stackoverflow.com/a/49967478
49976799,49999995.0,https://stackoverflow.com/a/49999995
49988947,49989238.0,https://stackoverflow.com/a/49989238
49997339,50030748.0,https://stackoverflow.com/a/50030748
50013399,50031333.0,https://stackoverflow.com/a/50031333
50024563,50033107.0,https://stackoverflow.com/a/50033107
50038740,50039482.0,https://stackoverflow.com/a/50039482
50084095,50368956.0,https://stackoverflow.com/a/50368956
50102219,50104807.0,https://stackoverflow.com/a/50104807
50125193,50239551.0,https://stackoverflow.com/a/50239551
50128461,50139564.0,https://stackoverflow.com/a/50139564
50130057,50139802.0,https://stackoverflow.com/a/50139802
50130081,50130249.0,https://stackoverflow.com/a/50130249
50130435,50143195.0,https://stackoverflow.com/a/50143195
50142255,50143101.0,https://stackoverflow.com/a/50143101
50156366,50158454.0,https://stackoverflow.com/a/50158454
50168257,50178027.0,https://stackoverflow.com/a/50178027
50194352,50194645.0,https://stackoverflow.com/a/50194645
50211166,50348796.0,https://stackoverflow.com/a/50348796
50218500,50220533.0,https://stackoverflow.com/a/50220533
50247924,50250067.0,https://stackoverflow.com/a/50250067
50267824,50384822.0,https://stackoverflow.com/a/50384822
50299058,50299191.0,https://stackoverflow.com/a/50299191
50322178,50323350.0,https://stackoverflow.com/a/50323350
50326508,50441853.0,https://stackoverflow.com/a/50441853
50330121,50330862.0,https://stackoverflow.com/a/50330862
50330121,50330862.0,https://stackoverflow.com/a/50330862
50442085,50454423.0,https://stackoverflow.com/a/50454423
50444796,50455026.0,https://stackoverflow.com/a/50455026
50454105,50471152.0,https://stackoverflow.com/a/50471152
50470391,50485764.0,https://stackoverflow.com/a/50485764
50479987,50492983.0,https://stackoverflow.com/a/50492983
50490209,53347067.0,https://stackoverflow.com/a/53347067
50502923,50510228.0,https://stackoverflow.com/a/50510228
50506366,50515235.0,https://stackoverflow.com/a/50515235
50529981,50586106.0,https://stackoverflow.com/a/50586106
50561808,50598947.0,https://stackoverflow.com/a/50598947
50582355,50872129.0,https://stackoverflow.com/a/50872129
50591528,50591929.0,https://stackoverflow.com/a/50591929
50597271,52933766.0,https://stackoverflow.com/a/52933766
50620323,50625910.0,https://stackoverflow.com/a/50625910
50627461,50629018.0,https://stackoverflow.com/a/50629018
50628776,50633816.0,https://stackoverflow.com/a/50633816
50632954,50633743.0,https://stackoverflow.com/a/50633743
50635277,50652906.0,https://stackoverflow.com/a/50652906
50674560,50675977.0,https://stackoverflow.com/a/50675977
50699695,50702634.0,https://stackoverflow.com/a/50702634
50710541,50725819.0,https://stackoverflow.com/a/50725819
50713215,50713321.0,https://stackoverflow.com/a/50713321
50764255,51106211.0,https://stackoverflow.com/a/51106211
50766363,50802379.0,https://stackoverflow.com/a/50802379
50783112,50783167.0,https://stackoverflow.com/a/50783167
50865772,50866811.0,https://stackoverflow.com/a/50866811
50877919,50879369.0,https://stackoverflow.com/a/50879369
50877966,50879628.0,https://stackoverflow.com/a/50879628
50882936,50883752.0,https://stackoverflow.com/a/50883752
50936643,50936866.0,https://stackoverflow.com/a/50936866
50977178,50977765.0,https://stackoverflow.com/a/50977765
51000955,51001395.0,https://stackoverflow.com/a/51001395
51028474,51054468.0,https://stackoverflow.com/a/51054468
51032451,51034708.0,https://stackoverflow.com/a/51034708
51056684,51064069.0,https://stackoverflow.com/a/51064069
51069295,51127805.0,https://stackoverflow.com/a/51127805
51069648,51089889.0,https://stackoverflow.com/a/51089889
51076243,51083854.0,https://stackoverflow.com/a/51083854
51079139,51207126.0,https://stackoverflow.com/a/51207126
51092787,51096507.0,https://stackoverflow.com/a/51096507
51157469,51580544.0,https://stackoverflow.com/a/51580544
51171853,53409503.0,https://stackoverflow.com/a/53409503
51186512,51493731.0,https://stackoverflow.com/a/51493731
51193793,51328625.0,https://stackoverflow.com/a/51328625
51194662,51196170.0,https://stackoverflow.com/a/51196170
51230134,51243021.0,https://stackoverflow.com/a/51243021
51242918,51322077.0,https://stackoverflow.com/a/51322077
51282275,51283358.0,https://stackoverflow.com/a/51283358
51312073,51312324.0,https://stackoverflow.com/a/51312324
51352265,51362453.0,https://stackoverflow.com/a/51362453
51352351,51485872.0,https://stackoverflow.com/a/51485872
51352700,51352778.0,https://stackoverflow.com/a/51352778
51360587,51420657.0,https://stackoverflow.com/a/51420657
51364441,51364538.0,https://stackoverflow.com/a/51364538
51381243,51407905.0,https://stackoverflow.com/a/51407905
51381376,51392279.0,https://stackoverflow.com/a/51392279
51383918,51384856.0,https://stackoverflow.com/a/51384856
51384016,51412108.0,https://stackoverflow.com/a/51412108
51398947,51406762.0,https://stackoverflow.com/a/51406762
51398947,51406762.0,https://stackoverflow.com/a/51406762
51450828,51480479.0,https://stackoverflow.com/a/51480479
51464538,51466191.0,https://stackoverflow.com/a/51466191
51468480,51469126.0,https://stackoverflow.com/a/51469126
51472013,51472610.0,https://stackoverflow.com/a/51472610
51483123,51537934.0,https://stackoverflow.com/a/51537934
51488750,51490647.0,https://stackoverflow.com/a/51490647
51499885,51605125.0,https://stackoverflow.com/a/51605125
51512628,51534485.0,https://stackoverflow.com/a/51534485
51512628,51534485.0,https://stackoverflow.com/a/51534485
51525766,51533086.0,https://stackoverflow.com/a/51533086
51535030,51636767.0,https://stackoverflow.com/a/51636767
51542863,51728816.0,https://stackoverflow.com/a/51728816
51555502,51555687.0,https://stackoverflow.com/a/51555687
51591812,51592478.0,https://stackoverflow.com/a/51592478
51592581,51651376.0,https://stackoverflow.com/a/51651376
51596007,51616853.0,https://stackoverflow.com/a/51616853
51612458,52101304.0,https://stackoverflow.com/a/52101304
51623407,51625323.0,https://stackoverflow.com/a/51625323
51624741,51631187.0,https://stackoverflow.com/a/51631187
51626328,51634080.0,https://stackoverflow.com/a/51634080
51627648,51730556.0,https://stackoverflow.com/a/51730556
51639748,51639791.0,https://stackoverflow.com/a/51639791
51653586,51686136.0,https://stackoverflow.com/a/51686136
51653789,51654110.0,https://stackoverflow.com/a/51654110
51665421,51665556.0,https://stackoverflow.com/a/51665556
51675435,51686116.0,https://stackoverflow.com/a/51686116
51678234,51680489.0,https://stackoverflow.com/a/51680489
51744626,51841918.0,https://stackoverflow.com/a/51841918
51750774,51754082.0,https://stackoverflow.com/a/51754082
51764889,51773498.0,https://stackoverflow.com/a/51773498
51769448,54222830.0,https://stackoverflow.com/a/54222830
51779833,51781609.0,https://stackoverflow.com/a/51781609
51817025,51832581.0,https://stackoverflow.com/a/51832581
51817025,51832581.0,https://stackoverflow.com/a/51832581
51820368,51833646.0,https://stackoverflow.com/a/51833646
51831600,51846741.0,https://stackoverflow.com/a/51846741
51836618,51843283.0,https://stackoverflow.com/a/51843283
51840153,51840887.0,https://stackoverflow.com/a/51840887
51849298,51939029.0,https://stackoverflow.com/a/51939029
51865071,51866163.0,https://stackoverflow.com/a/51866163
51869363,51869485.0,https://stackoverflow.com/a/51869485
51875348,51902421.0,https://stackoverflow.com/a/51902421
51885130,51995839.0,https://stackoverflow.com/a/51995839
51888709,51902077.0,https://stackoverflow.com/a/51902077
51895945,54086204.0,https://stackoverflow.com/a/54086204
51895945,54086204.0,https://stackoverflow.com/a/54086204
51923404,51932388.0,https://stackoverflow.com/a/51932388
51950209,52175396.0,https://stackoverflow.com/a/52175396
51966939,51975881.0,https://stackoverflow.com/a/51975881
51973751,51988843.0,https://stackoverflow.com/a/51988843
52016220,52079984.0,https://stackoverflow.com/a/52079984
52052148,52059484.0,https://stackoverflow.com/a/52059484
52058813,52071906.0,https://stackoverflow.com/a/52071906
52083694,52087461.0,https://stackoverflow.com/a/52087461
52088202,52099102.0,https://stackoverflow.com/a/52099102
52126309,52168477.0,https://stackoverflow.com/a/52168477
52143938,52175343.0,https://stackoverflow.com/a/52175343
52154790,52154791.0,https://stackoverflow.com/a/52154791
52163958,52276515.0,https://stackoverflow.com/a/52276515
52191591,52192156.0,https://stackoverflow.com/a/52192156
52194258,52206006.0,https://stackoverflow.com/a/52206006
52201545,52220218.0,https://stackoverflow.com/a/52220218
52205477,52215751.0,https://stackoverflow.com/a/52215751
52213870,52215254.0,https://stackoverflow.com/a/52215254
52215513,52226770.0,https://stackoverflow.com/a/52226770
52217414,52252084.0,https://stackoverflow.com/a/52252084
52224883,52257722.0,https://stackoverflow.com/a/52257722
52264141,52278963.0,https://stackoverflow.com/a/52278963
52287773,52294707.0,https://stackoverflow.com/a/52294707
52288990,52296201.0,https://stackoverflow.com/a/52296201
52294548,52295066.0,https://stackoverflow.com/a/52295066
52300209,52656312.0,https://stackoverflow.com/a/52656312
52316754,58322025.0,https://stackoverflow.com/a/58322025
52325612,52333177.0,https://stackoverflow.com/a/52333177
52332025,52333350.0,https://stackoverflow.com/a/52333350
52353918,52404263.0,https://stackoverflow.com/a/52404263
52406753,52481722.0,https://stackoverflow.com/a/52481722
52421026,52422053.0,https://stackoverflow.com/a/52422053
52443062,52443878.0,https://stackoverflow.com/a/52443878
52443062,52443878.0,https://stackoverflow.com/a/52443878
52443062,52443878.0,https://stackoverflow.com/a/52443878
52480985,52486546.0,https://stackoverflow.com/a/52486546
52497823,52500030.0,https://stackoverflow.com/a/52500030
52518944,52519298.0,https://stackoverflow.com/a/52519298
52600010,53547224.0,https://stackoverflow.com/a/53547224
52605791,52611411.0,https://stackoverflow.com/a/52611411
52670156,52706435.0,https://stackoverflow.com/a/52706435
52704291,53434458.0,https://stackoverflow.com/a/53434458
52706803,52711516.0,https://stackoverflow.com/a/52711516
52720455,52720857.0,https://stackoverflow.com/a/52720857
52733497,52741603.0,https://stackoverflow.com/a/52741603
52736363,52923310.0,https://stackoverflow.com/a/52923310
52761661,52765114.0,https://stackoverflow.com/a/52765114
52762374,52993349.0,https://stackoverflow.com/a/52993349
52772128,52780172.0,https://stackoverflow.com/a/52780172
52772128,52780172.0,https://stackoverflow.com/a/52780172
52781309,52919386.0,https://stackoverflow.com/a/52919386
52814608,52825804.0,https://stackoverflow.com/a/52825804
52831801,52837634.0,https://stackoverflow.com/a/52837634
52840363,52840745.0,https://stackoverflow.com/a/52840745
52843956,52844500.0,https://stackoverflow.com/a/52844500
52894062,52896159.0,https://stackoverflow.com/a/52896159
52898741,52899141.0,https://stackoverflow.com/a/52899141
52917737,53082674.0,https://stackoverflow.com/a/53082674
52919137,53788327.0,https://stackoverflow.com/a/53788327
52923228,53268185.0,https://stackoverflow.com/a/53268185
52939680,52939784.0,https://stackoverflow.com/a/52939784
52952265,53081705.0,https://stackoverflow.com/a/53081705
52953534,52974977.0,https://stackoverflow.com/a/52974977
52975602,52980812.0,https://stackoverflow.com/a/52980812
53039024,53054488.0,https://stackoverflow.com/a/53054488
53082622,53084889.0,https://stackoverflow.com/a/53084889
53110268,53111004.0,https://stackoverflow.com/a/53111004
53115362,53119616.0,https://stackoverflow.com/a/53119616
53154744,53154841.0,https://stackoverflow.com/a/53154841
53167215,53173580.0,https://stackoverflow.com/a/53173580
53169033,53196018.0,https://stackoverflow.com/a/53196018
53170292,53170342.0,https://stackoverflow.com/a/53170342
53173969,53174153.0,https://stackoverflow.com/a/53174153
53175144,53175413.0,https://stackoverflow.com/a/53175413
53195363,53195880.0,https://stackoverflow.com/a/53195880
53199680,53200445.0,https://stackoverflow.com/a/53200445
53258037,53258875.0,https://stackoverflow.com/a/53258875
53260499,53264400.0,https://stackoverflow.com/a/53264400
53267924,53288970.0,https://stackoverflow.com/a/53288970
53290593,53291003.0,https://stackoverflow.com/a/53291003
53303701,53305674.0,https://stackoverflow.com/a/53305674
53398068,53419082.0,https://stackoverflow.com/a/53419082
53412187,53813742.0,https://stackoverflow.com/a/53813742
53439446,53574133.0,https://stackoverflow.com/a/53574133
53449627,53451590.0,https://stackoverflow.com/a/53451590
53490446,53490552.0,https://stackoverflow.com/a/53490552
53504268,54449818.0,https://stackoverflow.com/a/54449818
53518146,53521446.0,https://stackoverflow.com/a/53521446
53518737,53521294.0,https://stackoverflow.com/a/53521294
53586428,53595769.0,https://stackoverflow.com/a/53595769
53586428,53595769.0,https://stackoverflow.com/a/53595769
53606563,53619146.0,https://stackoverflow.com/a/53619146
53606563,53619146.0,https://stackoverflow.com/a/53619146
53618469,53619112.0,https://stackoverflow.com/a/53619112
53623673,53626425.0,https://stackoverflow.com/a/53626425
53644174,53644282.0,https://stackoverflow.com/a/53644282
53644174,53644282.0,https://stackoverflow.com/a/53644282
53649899,53662139.0,https://stackoverflow.com/a/53662139
53649899,53662139.0,https://stackoverflow.com/a/53662139
53662108,53662532.0,https://stackoverflow.com/a/53662532
53739089,53754036.0,https://stackoverflow.com/a/53754036
53742356,53771614.0,https://stackoverflow.com/a/53771614
53748256,53750502.0,https://stackoverflow.com/a/53750502
53755821,53778543.0,https://stackoverflow.com/a/53778543
53808662,53836022.0,https://stackoverflow.com/a/53836022
53821137,53969139.0,https://stackoverflow.com/a/53969139
53862192,53862871.0,https://stackoverflow.com/a/53862871
53874059,53874527.0,https://stackoverflow.com/a/53874527
53884162,53960087.0,https://stackoverflow.com/a/53960087
53916396,53916566.0,https://stackoverflow.com/a/53916566
53930710,54005706.0,https://stackoverflow.com/a/54005706
53937189,53937292.0,https://stackoverflow.com/a/53937292
53939389,53945030.0,https://stackoverflow.com/a/53945030
53944354,58083227.0,https://stackoverflow.com/a/58083227
54042741,54042833.0,https://stackoverflow.com/a/54042833
54079576,54084886.0,https://stackoverflow.com/a/54084886
54105367,54118323.0,https://stackoverflow.com/a/54118323
54105367,54118323.0,https://stackoverflow.com/a/54118323
54118895,54119740.0,https://stackoverflow.com/a/54119740
54123965,54138813.0,https://stackoverflow.com/a/54138813
54138914,54148439.0,https://stackoverflow.com/a/54148439
54143107,54143307.0,https://stackoverflow.com/a/54143307
54175015,54233190.0,https://stackoverflow.com/a/54233190
54175015,54233190.0,https://stackoverflow.com/a/54233190
54235734,54238827.0,https://stackoverflow.com/a/54238827
54244697,54245127.0,https://stackoverflow.com/a/54245127
54270158,54272301.0,https://stackoverflow.com/a/54272301
54323760,54326339.0,https://stackoverflow.com/a/54326339
54323760,54326339.0,https://stackoverflow.com/a/54326339
54352320,57062058.0,https://stackoverflow.com/a/57062058
54352320,57062058.0,https://stackoverflow.com/a/57062058
54373790,54408687.0,https://stackoverflow.com/a/54408687
54396214,54404774.0,https://stackoverflow.com/a/54404774
54446152,54449052.0,https://stackoverflow.com/a/54449052
54473192,54481506.0,https://stackoverflow.com/a/54481506
54477736,54625233.0,https://stackoverflow.com/a/54625233
54515593,54521884.0,https://stackoverflow.com/a/54521884
54521407,54531986.0,https://stackoverflow.com/a/54531986
54522800,54523549.0,https://stackoverflow.com/a/54523549
54548490,54937860.0,https://stackoverflow.com/a/54937860
54548490,54937860.0,https://stackoverflow.com/a/54937860
54574451,54574739.0,https://stackoverflow.com/a/54574739
54666018,54685082.0,https://stackoverflow.com/a/54685082
54666876,54981471.0,https://stackoverflow.com/a/54981471
54678756,54695293.0,https://stackoverflow.com/a/54695293
54688078,54937965.0,https://stackoverflow.com/a/54937965
54695712,54769722.0,https://stackoverflow.com/a/54769722
54714252,54733399.0,https://stackoverflow.com/a/54733399
54751381,54752208.0,https://stackoverflow.com/a/54752208
54751381,54752208.0,https://stackoverflow.com/a/54752208
54757002,54757050.0,https://stackoverflow.com/a/54757050
54800171,54803914.0,https://stackoverflow.com/a/54803914
54822913,54836641.0,https://stackoverflow.com/a/54836641
54829314,54836356.0,https://stackoverflow.com/a/54836356
54868399,54884377.0,https://stackoverflow.com/a/54884377
54902614,55123123.0,https://stackoverflow.com/a/55123123
54906258,55377307.0,https://stackoverflow.com/a/55377307
54906295,54906440.0,https://stackoverflow.com/a/54906440
54920348,54936671.0,https://stackoverflow.com/a/54936671
54935102,55153300.0,https://stackoverflow.com/a/55153300
54937175,54937639.0,https://stackoverflow.com/a/54937639
54937175,54937639.0,https://stackoverflow.com/a/54937639
54951696,55025904.0,https://stackoverflow.com/a/55025904
54987992,54988995.0,https://stackoverflow.com/a/54988995
55005441,55010560.0,https://stackoverflow.com/a/55010560
55026722,55027749.0,https://stackoverflow.com/a/55027749
55043215,55045018.0,https://stackoverflow.com/a/55045018
55101284,55113445.0,https://stackoverflow.com/a/55113445
55118699,55122364.0,https://stackoverflow.com/a/55122364
55122901,57105312.0,https://stackoverflow.com/a/57105312
55126170,55127147.0,https://stackoverflow.com/a/55127147
55156938,55160150.0,https://stackoverflow.com/a/55160150
55168898,55318450.0,https://stackoverflow.com/a/55318450
55168898,55318450.0,https://stackoverflow.com/a/55318450
55168898,55318450.0,https://stackoverflow.com/a/55318450
55212167,55217027.0,https://stackoverflow.com/a/55217027
55224716,55296363.0,https://stackoverflow.com/a/55296363
55238384,55253238.0,https://stackoverflow.com/a/55253238
55286040,55286633.0,https://stackoverflow.com/a/55286633
55297256,55298084.0,https://stackoverflow.com/a/55298084
55299725,55405003.0,https://stackoverflow.com/a/55405003
55304547,55304589.0,https://stackoverflow.com/a/55304589
55312355,55837498.0,https://stackoverflow.com/a/55837498
55312355,55837498.0,https://stackoverflow.com/a/55837498
55384701,55405249.0,https://stackoverflow.com/a/55405249
55408264,55417221.0,https://stackoverflow.com/a/55417221
55419294,55419751.0,https://stackoverflow.com/a/55419751
55450821,55452609.0,https://stackoverflow.com/a/55452609
55474070,55477432.0,https://stackoverflow.com/a/55477432
55488988,55744467.0,https://stackoverflow.com/a/55744467
55489868,55497910.0,https://stackoverflow.com/a/55497910
55520394,55520534.0,https://stackoverflow.com/a/55520534
55594848,55629764.0,https://stackoverflow.com/a/55629764
55594848,55629764.0,https://stackoverflow.com/a/55629764
55614851,55615778.0,https://stackoverflow.com/a/55615778
55617000,56059283.0,https://stackoverflow.com/a/56059283
55645981,55650805.0,https://stackoverflow.com/a/55650805
55684883,55685379.0,https://stackoverflow.com/a/55685379
55721339,55730941.0,https://stackoverflow.com/a/55730941
55791116,55821369.0,https://stackoverflow.com/a/55821369
55794490,55837705.0,https://stackoverflow.com/a/55837705
55803032,55808422.0,https://stackoverflow.com/a/55808422
55835107,55835283.0,https://stackoverflow.com/a/55835283
55835107,55835283.0,https://stackoverflow.com/a/55835283
55835107,55835283.0,https://stackoverflow.com/a/55835283
55835640,55837217.0,https://stackoverflow.com/a/55837217
55835640,55837217.0,https://stackoverflow.com/a/55837217
55835640,55837217.0,https://stackoverflow.com/a/55837217
55864354,59239019.0,https://stackoverflow.com/a/59239019
55866393,56421806.0,https://stackoverflow.com/a/56421806
55868931,55869476.0,https://stackoverflow.com/a/55869476
55870883,55870917.0,https://stackoverflow.com/a/55870917
55873748,56408208.0,https://stackoverflow.com/a/56408208
55905651,55905966.0,https://stackoverflow.com/a/55905966
55929236,55929649.0,https://stackoverflow.com/a/55929649
56024475,56031916.0,https://stackoverflow.com/a/56031916
56033799,56042311.0,https://stackoverflow.com/a/56042311
56043124,56059179.0,https://stackoverflow.com/a/56059179
56065738,56067462.0,https://stackoverflow.com/a/56067462
56067631,56067860.0,https://stackoverflow.com/a/56067860
56072556,56073204.0,https://stackoverflow.com/a/56073204
56078834,56308519.0,https://stackoverflow.com/a/56308519
56084123,56085304.0,https://stackoverflow.com/a/56085304
56084123,56085304.0,https://stackoverflow.com/a/56085304
56118080,58453092.0,https://stackoverflow.com/a/58453092
56148445,56151415.0,https://stackoverflow.com/a/56151415
56154215,56160872.0,https://stackoverflow.com/a/56160872
56159595,56175290.0,https://stackoverflow.com/a/56175290
56164428,56183987.0,https://stackoverflow.com/a/56183987
56166973,56181452.0,https://stackoverflow.com/a/56181452
56166973,56181452.0,https://stackoverflow.com/a/56181452
56166973,56181452.0,https://stackoverflow.com/a/56181452
56166973,56181452.0,https://stackoverflow.com/a/56181452
56183981,56185506.0,https://stackoverflow.com/a/56185506
56227348,56367323.0,https://stackoverflow.com/a/56367323
56228230,56242586.0,https://stackoverflow.com/a/56242586
56229332,56242367.0,https://stackoverflow.com/a/56242367
56257533,56258960.0,https://stackoverflow.com/a/56258960
56271708,56276513.0,https://stackoverflow.com/a/56276513
56280365,56281732.0,https://stackoverflow.com/a/56281732
56380637,56381734.0,https://stackoverflow.com/a/56381734
56380897,56403162.0,https://stackoverflow.com/a/56403162
56389333,56389541.0,https://stackoverflow.com/a/56389541
56431267,56445234.0,https://stackoverflow.com/a/56445234
56437925,56438889.0,https://stackoverflow.com/a/56438889
56440735,56443960.0,https://stackoverflow.com/a/56443960
56444605,56449235.0,https://stackoverflow.com/a/56449235
56465000,61351186.0,https://stackoverflow.com/a/61351186
56467589,57259488.0,https://stackoverflow.com/a/57259488
56498638,56499313.0,https://stackoverflow.com/a/56499313
56508970,57012936.0,https://stackoverflow.com/a/57012936
56542464,56542933.0,https://stackoverflow.com/a/56542933
56564515,56584682.0,https://stackoverflow.com/a/56584682
56564515,56584682.0,https://stackoverflow.com/a/56584682
56564515,56584682.0,https://stackoverflow.com/a/56584682
56564738,56670785.0,https://stackoverflow.com/a/56670785
56570383,56581077.0,https://stackoverflow.com/a/56581077
56577667,56582225.0,https://stackoverflow.com/a/56582225
56580338,56584236.0,https://stackoverflow.com/a/56584236
56603585,56610834.0,https://stackoverflow.com/a/56610834
56615245,56633525.0,https://stackoverflow.com/a/56633525
56659832,56661145.0,https://stackoverflow.com/a/56661145
56661461,56680300.0,https://stackoverflow.com/a/56680300
56661461,56680300.0,https://stackoverflow.com/a/56680300
56662340,60699732.0,https://stackoverflow.com/a/60699732
56742705,56764260.0,https://stackoverflow.com/a/56764260
56751486,57001027.0,https://stackoverflow.com/a/57001027
56777119,56777417.0,https://stackoverflow.com/a/56777417
56781139,56781415.0,https://stackoverflow.com/a/56781415
56790149,56793466.0,https://stackoverflow.com/a/56793466
56796657,56807265.0,https://stackoverflow.com/a/56807265
56826366,56835478.0,https://stackoverflow.com/a/56835478
56846426,58480476.0,https://stackoverflow.com/a/58480476
56891544,56906239.0,https://stackoverflow.com/a/56906239
56953869,56971980.0,https://stackoverflow.com/a/56971980
56958772,56960675.0,https://stackoverflow.com/a/56960675
56958772,56960675.0,https://stackoverflow.com/a/56960675
56961193,56969236.0,https://stackoverflow.com/a/56969236
56970311,56970647.0,https://stackoverflow.com/a/56970647
56981588,57468518.0,https://stackoverflow.com/a/57468518
56987669,56989000.0,https://stackoverflow.com/a/56989000
56990210,57000342.0,https://stackoverflow.com/a/57000342
56990210,57000342.0,https://stackoverflow.com/a/57000342
56995364,57000298.0,https://stackoverflow.com/a/57000298
57000159,57003905.0,https://stackoverflow.com/a/57003905
57008985,57014149.0,https://stackoverflow.com/a/57014149
57016370,57041059.0,https://stackoverflow.com/a/57041059
57016969,57028236.0,https://stackoverflow.com/a/57028236
57035108,59140170.0,https://stackoverflow.com/a/59140170
57043373,57061974.0,https://stackoverflow.com/a/57061974
57046996,57275486.0,https://stackoverflow.com/a/57275486
57056740,57056985.0,https://stackoverflow.com/a/57056985
57080809,57086491.0,https://stackoverflow.com/a/57086491
57089313,57095767.0,https://stackoverflow.com/a/57095767
57126292,57127077.0,https://stackoverflow.com/a/57127077
57127349,57138268.0,https://stackoverflow.com/a/57138268
57131917,57171135.0,https://stackoverflow.com/a/57171135
57133610,57134214.0,https://stackoverflow.com/a/57134214
57172673,57176411.0,https://stackoverflow.com/a/57176411
57205404,57224286.0,https://stackoverflow.com/a/57224286
57205735,57206645.0,https://stackoverflow.com/a/57206645
57205735,57206645.0,https://stackoverflow.com/a/57206645
57216381,57223998.0,https://stackoverflow.com/a/57223998
57225559,57261268.0,https://stackoverflow.com/a/57261268
57248253,57248289.0,https://stackoverflow.com/a/57248289
57261342,57298895.0,https://stackoverflow.com/a/57298895
57289721,57289827.0,https://stackoverflow.com/a/57289827
57293526,58547640.0,https://stackoverflow.com/a/58547640
57316012,57316081.0,https://stackoverflow.com/a/57316081
57316318,57317793.0,https://stackoverflow.com/a/57317793
57322919,57347806.0,https://stackoverflow.com/a/57347806
57322919,57347806.0,https://stackoverflow.com/a/57347806
57325266,57328346.0,https://stackoverflow.com/a/57328346
57359844,57360208.0,https://stackoverflow.com/a/57360208
57359876,57377367.0,https://stackoverflow.com/a/57377367
57366982,57368305.0,https://stackoverflow.com/a/57368305
57369751,59560748.0,https://stackoverflow.com/a/59560748
57410420,57410502.0,https://stackoverflow.com/a/57410502
57417867,57417916.0,https://stackoverflow.com/a/57417916
57425460,57478912.0,https://stackoverflow.com/a/57478912
57432558,57436876.0,https://stackoverflow.com/a/57436876
57432558,57436876.0,https://stackoverflow.com/a/57436876
57432558,57436876.0,https://stackoverflow.com/a/57436876
57432558,57436876.0,https://stackoverflow.com/a/57436876
57436043,57465625.0,https://stackoverflow.com/a/57465625
57466993,57478275.0,https://stackoverflow.com/a/57478275
57474055,57476562.0,https://stackoverflow.com/a/57476562
57483160,57486416.0,https://stackoverflow.com/a/57486416
57494649,57497989.0,https://stackoverflow.com/a/57497989
57558625,57559603.0,https://stackoverflow.com/a/57559603
57558625,57559603.0,https://stackoverflow.com/a/57559603
57564400,57996038.0,https://stackoverflow.com/a/57996038
57575852,57585405.0,https://stackoverflow.com/a/57585405
57579133,57579492.0,https://stackoverflow.com/a/57579492
57652832,57655716.0,https://stackoverflow.com/a/57655716
57657610,57657878.0,https://stackoverflow.com/a/57657878
57677076,57693875.0,https://stackoverflow.com/a/57693875
57686877,57765825.0,https://stackoverflow.com/a/57765825
57714229,57714559.0,https://stackoverflow.com/a/57714559
57731105,57733504.0,https://stackoverflow.com/a/57733504
57749431,57750044.0,https://stackoverflow.com/a/57750044
57754071,57773076.0,https://stackoverflow.com/a/57773076
57762017,57877775.0,https://stackoverflow.com/a/57877775
57775247,57776683.0,https://stackoverflow.com/a/57776683
57794087,57796362.0,https://stackoverflow.com/a/57796362
57794087,57796362.0,https://stackoverflow.com/a/57796362
57794437,57797406.0,https://stackoverflow.com/a/57797406
57810467,58632893.0,https://stackoverflow.com/a/58632893
57825022,57825716.0,https://stackoverflow.com/a/57825716
57825022,57825716.0,https://stackoverflow.com/a/57825716
57827537,57828250.0,https://stackoverflow.com/a/57828250
57833839,57833939.0,https://stackoverflow.com/a/57833939
57848501,57852175.0,https://stackoverflow.com/a/57852175
57850922,57863771.0,https://stackoverflow.com/a/57863771
57858132,57869545.0,https://stackoverflow.com/a/57869545
57858132,57869545.0,https://stackoverflow.com/a/57869545
57858132,57869545.0,https://stackoverflow.com/a/57869545
57892931,57892997.0,https://stackoverflow.com/a/57892997
57895348,57895392.0,https://stackoverflow.com/a/57895392
57897477,57905487.0,https://stackoverflow.com/a/57905487
57900028,57900134.0,https://stackoverflow.com/a/57900134
57909595,57928506.0,https://stackoverflow.com/a/57928506
57909595,57928506.0,https://stackoverflow.com/a/57928506
57910501,57923255.0,https://stackoverflow.com/a/57923255
57913653,57925727.0,https://stackoverflow.com/a/57925727
57928329,57928507.0,https://stackoverflow.com/a/57928507
57931047,57932260.0,https://stackoverflow.com/a/57932260
57941287,57942793.0,https://stackoverflow.com/a/57942793
57977027,58000861.0,https://stackoverflow.com/a/58000861
57978754,57993838.0,https://stackoverflow.com/a/57993838
57978754,57993838.0,https://stackoverflow.com/a/57993838
57996119,58000645.0,https://stackoverflow.com/a/58000645
58011656,58337195.0,https://stackoverflow.com/a/58337195
58025822,58029072.0,https://stackoverflow.com/a/58029072
58032332,58090824.0,https://stackoverflow.com/a/58090824
58039038,58066774.0,https://stackoverflow.com/a/58066774
58053093,58067736.0,https://stackoverflow.com/a/58067736
58054024,58054100.0,https://stackoverflow.com/a/58054100
58054575,58095393.0,https://stackoverflow.com/a/58095393
58083482,58106817.0,https://stackoverflow.com/a/58106817
58097200,58103089.0,https://stackoverflow.com/a/58103089
58101336,58113061.0,https://stackoverflow.com/a/58113061
58101720,58101926.0,https://stackoverflow.com/a/58101926
58112894,58119971.0,https://stackoverflow.com/a/58119971
58116800,58117723.0,https://stackoverflow.com/a/58117723
58116800,58117723.0,https://stackoverflow.com/a/58117723
58118966,58120080.0,https://stackoverflow.com/a/58120080
58124237,58124286.0,https://stackoverflow.com/a/58124286
58151144,58151320.0,https://stackoverflow.com/a/58151320
58161171,58190041.0,https://stackoverflow.com/a/58190041
58161171,58190041.0,https://stackoverflow.com/a/58190041
58161171,58190041.0,https://stackoverflow.com/a/58190041
58174411,58187170.0,https://stackoverflow.com/a/58187170
58200678,58202401.0,https://stackoverflow.com/a/58202401
58221451,58224151.0,https://stackoverflow.com/a/58224151
58221749,58222651.0,https://stackoverflow.com/a/58222651
58222198,58260808.0,https://stackoverflow.com/a/58260808
58222198,58260808.0,https://stackoverflow.com/a/58260808
58222198,58260808.0,https://stackoverflow.com/a/58260808
58251535,58288133.0,https://stackoverflow.com/a/58288133
58281244,58296146.0,https://stackoverflow.com/a/58296146
58292569,58299013.0,https://stackoverflow.com/a/58299013
58293197,58406342.0,https://stackoverflow.com/a/58406342
58293197,58406342.0,https://stackoverflow.com/a/58406342
58296033,58306118.0,https://stackoverflow.com/a/58306118
58337924,58391195.0,https://stackoverflow.com/a/58391195
58339319,58339408.0,https://stackoverflow.com/a/58339408
58372921,58375021.0,https://stackoverflow.com/a/58375021
58376301,58393215.0,https://stackoverflow.com/a/58393215
58378119,58378766.0,https://stackoverflow.com/a/58378766
58405973,58524855.0,https://stackoverflow.com/a/58524855
58416280,58444767.0,https://stackoverflow.com/a/58444767
58418959,58419168.0,https://stackoverflow.com/a/58419168
58435535,58439982.0,https://stackoverflow.com/a/58439982
58447864,58450398.0,https://stackoverflow.com/a/58450398
58452561,58456605.0,https://stackoverflow.com/a/58456605
58467091,58508882.0,https://stackoverflow.com/a/58508882
58470460,58478043.0,https://stackoverflow.com/a/58478043
58470460,58478043.0,https://stackoverflow.com/a/58478043
58488107,58490743.0,https://stackoverflow.com/a/58490743
58492310,58492348.0,https://stackoverflow.com/a/58492348
58496141,58536610.0,https://stackoverflow.com/a/58536610
58510336,58613547.0,https://stackoverflow.com/a/58613547
58511291,58511871.0,https://stackoverflow.com/a/58511871
58512106,58512317.0,https://stackoverflow.com/a/58512317
58528431,58536017.0,https://stackoverflow.com/a/58536017
58546520,58547220.0,https://stackoverflow.com/a/58547220
58561049,58593892.0,https://stackoverflow.com/a/58593892
58572685,58722840.0,https://stackoverflow.com/a/58722840
58626811,58633954.0,https://stackoverflow.com/a/58633954
58629272,58629466.0,https://stackoverflow.com/a/58629466
58632765,58634248.0,https://stackoverflow.com/a/58634248
58646976,58660022.0,https://stackoverflow.com/a/58660022
58647180,58690250.0,https://stackoverflow.com/a/58690250
58657618,58657720.0,https://stackoverflow.com/a/58657720
58687783,58688989.0,https://stackoverflow.com/a/58688989
58698121,58717940.0,https://stackoverflow.com/a/58717940
58698789,58703419.0,https://stackoverflow.com/a/58703419
58701204,58720041.0,https://stackoverflow.com/a/58720041
58712877,58757883.0,https://stackoverflow.com/a/58757883
58712877,58757883.0,https://stackoverflow.com/a/58757883
58712877,58757883.0,https://stackoverflow.com/a/58757883
58769776,58923381.0,https://stackoverflow.com/a/58923381
58783610,58811597.0,https://stackoverflow.com/a/58811597
58790918,58794879.0,https://stackoverflow.com/a/58794879
58844302,58909686.0,https://stackoverflow.com/a/58909686
58846662,58847529.0,https://stackoverflow.com/a/58847529
58861624,58887313.0,https://stackoverflow.com/a/58887313
58867149,58924112.0,https://stackoverflow.com/a/58924112
58877222,59049664.0,https://stackoverflow.com/a/59049664
58885774,58886343.0,https://stackoverflow.com/a/58886343
58916493,58919250.0,https://stackoverflow.com/a/58919250
58924846,58936646.0,https://stackoverflow.com/a/58936646
58927398,58928009.0,https://stackoverflow.com/a/58928009
58945570,59042038.0,https://stackoverflow.com/a/59042038
58968591,58973107.0,https://stackoverflow.com/a/58973107
59050535,59052605.0,https://stackoverflow.com/a/59052605
59053286,59054958.0,https://stackoverflow.com/a/59054958
59061893,59343868.0,https://stackoverflow.com/a/59343868
59074292,59074895.0,https://stackoverflow.com/a/59074895
59089647,59137259.0,https://stackoverflow.com/a/59137259
59089647,59137259.0,https://stackoverflow.com/a/59137259
59103273,59232740.0,https://stackoverflow.com/a/59232740
59118573,59185666.0,https://stackoverflow.com/a/59185666
59134196,59134886.0,https://stackoverflow.com/a/59134886
59149471,59216031.0,https://stackoverflow.com/a/59216031
59189512,59249392.0,https://stackoverflow.com/a/59249392
59194640,59203534.0,https://stackoverflow.com/a/59203534
59194640,59203534.0,https://stackoverflow.com/a/59203534
59194640,59203534.0,https://stackoverflow.com/a/59203534
59199858,59200372.0,https://stackoverflow.com/a/59200372
59202953,59346837.0,https://stackoverflow.com/a/59346837
59233638,60182878.0,https://stackoverflow.com/a/60182878
59271914,59272331.0,https://stackoverflow.com/a/59272331
59283319,59324238.0,https://stackoverflow.com/a/59324238
59283319,59324238.0,https://stackoverflow.com/a/59324238
59294324,59295196.0,https://stackoverflow.com/a/59295196
59305155,59305393.0,https://stackoverflow.com/a/59305393
59320260,59323178.0,https://stackoverflow.com/a/59323178
59322618,59324770.0,https://stackoverflow.com/a/59324770
59349005,59349560.0,https://stackoverflow.com/a/59349560
59371835,59380379.0,https://stackoverflow.com/a/59380379
59399933,59400121.0,https://stackoverflow.com/a/59400121
59402662,59557027.0,https://stackoverflow.com/a/59557027
59457801,59541049.0,https://stackoverflow.com/a/59541049
59457801,59541049.0,https://stackoverflow.com/a/59541049
59505728,59533991.0,https://stackoverflow.com/a/59533991
59505728,59533991.0,https://stackoverflow.com/a/59533991
59592466,59613815.0,https://stackoverflow.com/a/59613815
59658068,59679082.0,https://stackoverflow.com/a/59679082
59709217,59771173.0,https://stackoverflow.com/a/59771173
59709217,59771173.0,https://stackoverflow.com/a/59771173
59709217,59771173.0,https://stackoverflow.com/a/59771173
59709217,59771173.0,https://stackoverflow.com/a/59771173
59719707,59722575.0,https://stackoverflow.com/a/59722575
59720097,59720309.0,https://stackoverflow.com/a/59720309
59720097,59720309.0,https://stackoverflow.com/a/59720309
59720097,59720309.0,https://stackoverflow.com/a/59720309
59730597,59731429.0,https://stackoverflow.com/a/59731429
59759473,59765843.0,https://stackoverflow.com/a/59765843
59759473,59765843.0,https://stackoverflow.com/a/59765843
59771214,59781532.0,https://stackoverflow.com/a/59781532
59776920,59777014.0,https://stackoverflow.com/a/59777014
59776920,59777014.0,https://stackoverflow.com/a/59777014
59776920,59777014.0,https://stackoverflow.com/a/59777014
59852901,59853108.0,https://stackoverflow.com/a/59853108
59861969,59872282.0,https://stackoverflow.com/a/59872282
59897345,59947111.0,https://stackoverflow.com/a/59947111
59960130,59962388.0,https://stackoverflow.com/a/59962388
59985750,59986636.0,https://stackoverflow.com/a/59986636
60140719,60153445.0,https://stackoverflow.com/a/60153445
60168463,60180018.0,https://stackoverflow.com/a/60180018
60168463,60180018.0,https://stackoverflow.com/a/60180018
60168463,60180018.0,https://stackoverflow.com/a/60180018
60169520,60182104.0,https://stackoverflow.com/a/60182104
60177666,60306141.0,https://stackoverflow.com/a/60306141
60177666,60306141.0,https://stackoverflow.com/a/60306141
60209158,60214376.0,https://stackoverflow.com/a/60214376
60209158,60214376.0,https://stackoverflow.com/a/60214376
60272262,60282336.0,https://stackoverflow.com/a/60282336
60272262,60282336.0,https://stackoverflow.com/a/60282336
60272262,60282336.0,https://stackoverflow.com/a/60282336
60312818,60329478.0,https://stackoverflow.com/a/60329478
60379101,60403808.0,https://stackoverflow.com/a/60403808
60400547,60402586.0,https://stackoverflow.com/a/60402586
60416906,60419453.0,https://stackoverflow.com/a/60419453
60513317,60912496.0,https://stackoverflow.com/a/60912496
60532175,61628415.0,https://stackoverflow.com/a/61628415
60532175,61628415.0,https://stackoverflow.com/a/61628415
60532175,61628415.0,https://stackoverflow.com/a/61628415
60532175,61628415.0,https://stackoverflow.com/a/61628415
60534579,60536361.0,https://stackoverflow.com/a/60536361
60534579,60536361.0,https://stackoverflow.com/a/60536361
60534579,60536361.0,https://stackoverflow.com/a/60536361
60556126,60602283.0,https://stackoverflow.com/a/60602283
60594954,60618005.0,https://stackoverflow.com/a/60618005
60601201,60601202.0,https://stackoverflow.com/a/60601202
60601201,60601202.0,https://stackoverflow.com/a/60601202
60609166,60615331.0,https://stackoverflow.com/a/60615331
60649506,60666129.0,https://stackoverflow.com/a/60666129
60693819,60708952.0,https://stackoverflow.com/a/60708952
60715522,60780833.0,https://stackoverflow.com/a/60780833
60736675,61927643.0,https://stackoverflow.com/a/61927643
60750126,60752919.0,https://stackoverflow.com/a/60752919
60779826,60868547.0,https://stackoverflow.com/a/60868547
60779964,60780501.0,https://stackoverflow.com/a/60780501
60801953,60802286.0,https://stackoverflow.com/a/60802286
60815382,61366953.0,https://stackoverflow.com/a/61366953
60827803,60830347.0,https://stackoverflow.com/a/60830347
60832887,61610366.0,https://stackoverflow.com/a/61610366
60832887,61610366.0,https://stackoverflow.com/a/61610366
60832887,61610366.0,https://stackoverflow.com/a/61610366
60832887,61610366.0,https://stackoverflow.com/a/61610366
60849573,60947834.0,https://stackoverflow.com/a/60947834
60849573,60947834.0,https://stackoverflow.com/a/60947834
60862896,60869745.0,https://stackoverflow.com/a/60869745
60862896,60869745.0,https://stackoverflow.com/a/60869745
60862896,60869745.0,https://stackoverflow.com/a/60869745
60887200,60888375.0,https://stackoverflow.com/a/60888375
60986606,61055198.0,https://stackoverflow.com/a/61055198
60986606,61055198.0,https://stackoverflow.com/a/61055198
61021604,61050674.0,https://stackoverflow.com/a/61050674
61100181,61100897.0,https://stackoverflow.com/a/61100897
61105890,61116191.0,https://stackoverflow.com/a/61116191
61105890,61116191.0,https://stackoverflow.com/a/61116191
61123415,61285213.0,https://stackoverflow.com/a/61285213
61123415,61285213.0,https://stackoverflow.com/a/61285213
61123415,61285213.0,https://stackoverflow.com/a/61285213
61123415,61285213.0,https://stackoverflow.com/a/61285213
61143493,61148818.0,https://stackoverflow.com/a/61148818
61143493,61148818.0,https://stackoverflow.com/a/61148818
61221088,61223750.0,https://stackoverflow.com/a/61223750
61226697,61244060.0,https://stackoverflow.com/a/61244060
61252925,61261177.0,https://stackoverflow.com/a/61261177
61282976,61309710.0,https://stackoverflow.com/a/61309710
61331112,61421133.0,https://stackoverflow.com/a/61421133
61362602,61369736.0,https://stackoverflow.com/a/61369736
61405883,61420921.0,https://stackoverflow.com/a/61420921
61405883,61420921.0,https://stackoverflow.com/a/61420921
61405883,61420921.0,https://stackoverflow.com/a/61420921
61405883,61420921.0,https://stackoverflow.com/a/61420921
61422412,61477229.0,https://stackoverflow.com/a/61477229
61422412,61477229.0,https://stackoverflow.com/a/61477229
61443240,61443786.0,https://stackoverflow.com/a/61443786
61462588,61489317.0,https://stackoverflow.com/a/61489317
61481389,61489133.0,https://stackoverflow.com/a/61489133
61494118,61498871.0,https://stackoverflow.com/a/61498871
61531008,61541899.0,https://stackoverflow.com/a/61541899
61537914,61550128.0,https://stackoverflow.com/a/61550128
61624293,61629646.0,https://stackoverflow.com/a/61629646
61647756,61648046.0,https://stackoverflow.com/a/61648046
61685518,61688554.0,https://stackoverflow.com/a/61688554
61729358,61740483.0,https://stackoverflow.com/a/61740483
61769866,61774602.0,https://stackoverflow.com/a/61774602
61778472,61779979.0,https://stackoverflow.com/a/61779979
61778472,61779979.0,https://stackoverflow.com/a/61779979
61780469,61788943.0,https://stackoverflow.com/a/61788943
61782652,61786229.0,https://stackoverflow.com/a/61786229
61782655,61864148.0,https://stackoverflow.com/a/61864148
61838119,61838615.0,https://stackoverflow.com/a/61838615
61840842,61863198.0,https://stackoverflow.com/a/61863198
61842832,61852710.0,https://stackoverflow.com/a/61852710
61842832,61852710.0,https://stackoverflow.com/a/61852710
61865302,61865360.0,https://stackoverflow.com/a/61865360
61902973,61920024.0,https://stackoverflow.com/a/61920024
61909353,61912624.0,https://stackoverflow.com/a/61912624
61936613,61947529.0,https://stackoverflow.com/a/61947529
61938413,61961305.0,https://stackoverflow.com/a/61961305
61961302,61961303.0,https://stackoverflow.com/a/61961303
62066602,62072812.0,https://stackoverflow.com/a/62072812
