link,Correlation
"=HYPERLINK(""https://stackoverflow.com/q/4598926"", ""4598926"")",0.09567901234567901
"=HYPERLINK(""https://stackoverflow.com/q/9041860"", ""9041860"")",0.12935323383084577
"=HYPERLINK(""https://stackoverflow.com/q/10152372"", ""10152372"")",0.09895833333333334
"=HYPERLINK(""https://stackoverflow.com/q/10919857"", ""10919857"")",0.13675213675213674
"=HYPERLINK(""https://stackoverflow.com/q/11171081"", ""11171081"")",0.13304093567251463
"=HYPERLINK(""https://stackoverflow.com/q/12382382"", ""12382382"")",0.12839506172839502
"=HYPERLINK(""https://stackoverflow.com/q/13393253"", ""13393253"")",0.13973063973063973
"=HYPERLINK(""https://stackoverflow.com/q/13834716"", ""13834716"")",0.253012048192771
"=HYPERLINK(""https://stackoverflow.com/q/14001746"", ""14001746"")",0.1616161616161616
"=HYPERLINK(""https://stackoverflow.com/q/14634758"", ""14634758"")",0.10606060606060606
"=HYPERLINK(""https://stackoverflow.com/q/16001298"", ""16001298"")",0.3064713064713064
"=HYPERLINK(""https://stackoverflow.com/q/16045596"", ""16045596"")",0.1988304093567251
"=HYPERLINK(""https://stackoverflow.com/q/16567269"", ""16567269"")",0.12872628726287264
"=HYPERLINK(""https://stackoverflow.com/q/16819801"", ""16819801"")",0.23137254901960783
"=HYPERLINK(""https://stackoverflow.com/q/18234790"", ""18234790"")",0.4659197012138188
"=HYPERLINK(""https://stackoverflow.com/q/18270581"", ""18270581"")",0.11458333333333334
"=HYPERLINK(""https://stackoverflow.com/q/18335697"", ""18335697"")",0.20232172470978432
"=HYPERLINK(""https://stackoverflow.com/q/18368258"", ""18368258"")",0.1339421613394216
"=HYPERLINK(""https://stackoverflow.com/q/18730532"", ""18730532"")",0.13361462728551335
"=HYPERLINK(""https://stackoverflow.com/q/20183529"", ""20183529"")",0.19865319865319866
"=HYPERLINK(""https://stackoverflow.com/q/20628669"", ""20628669"")",0.1251956181533646
"=HYPERLINK(""https://stackoverflow.com/q/20755712"", ""20755712"")",0.23514211886304906
"=HYPERLINK(""https://stackoverflow.com/q/21178560"", ""21178560"")",0.27134502923976617
"=HYPERLINK(""https://stackoverflow.com/q/23145564"", ""23145564"")",0.2828282828282827
"=HYPERLINK(""https://stackoverflow.com/q/23234021"", ""23234021"")",0.2318840579710144
"=HYPERLINK(""https://stackoverflow.com/q/23665466"", ""23665466"")",0.40928270042194087
"=HYPERLINK(""https://stackoverflow.com/q/24559072"", ""24559072"")",0.21990740740740738
"=HYPERLINK(""https://stackoverflow.com/q/25926998"", ""25926998"")",0.09696969696969697
"=HYPERLINK(""https://stackoverflow.com/q/26712480"", ""26712480"")",0.17813051146384482
"=HYPERLINK(""https://stackoverflow.com/q/26848897"", ""26848897"")",0.19874804381846634
"=HYPERLINK(""https://stackoverflow.com/q/28083465"", ""28083465"")",0.16033755274261596
"=HYPERLINK(""https://stackoverflow.com/q/28083664"", ""28083664"")",0.09452736318407962
"=HYPERLINK(""https://stackoverflow.com/q/28474243"", ""28474243"")",0.1993911719939117
"=HYPERLINK(""https://stackoverflow.com/q/30295763"", ""30295763"")",0.1818181818181818
"=HYPERLINK(""https://stackoverflow.com/q/30460291"", ""30460291"")",0.21151271753681392
"=HYPERLINK(""https://stackoverflow.com/q/31413681"", ""31413681"")",0.1519274376417233
"=HYPERLINK(""https://stackoverflow.com/q/31482020"", ""31482020"")",0.2777777777777778
"=HYPERLINK(""https://stackoverflow.com/q/31501424"", ""31501424"")",0.4164962508520791
"=HYPERLINK(""https://stackoverflow.com/q/31980317"", ""31980317"")",0.2071330589849108
"=HYPERLINK(""https://stackoverflow.com/q/32466898"", ""32466898"")",0.28294573643410853
"=HYPERLINK(""https://stackoverflow.com/q/32523590"", ""32523590"")",0.13386880856760372
"=HYPERLINK(""https://stackoverflow.com/q/32540747"", ""32540747"")",0.20987654320987653
"=HYPERLINK(""https://stackoverflow.com/q/32667656"", ""32667656"")",0.10382513661202188
"=HYPERLINK(""https://stackoverflow.com/q/32738016"", ""32738016"")",0.15726495726495723
"=HYPERLINK(""https://stackoverflow.com/q/32971342"", ""32971342"")",0.1892189218921892
"=HYPERLINK(""https://stackoverflow.com/q/33082983"", ""33082983"")",0.1709401709401709
"=HYPERLINK(""https://stackoverflow.com/q/33401059"", ""33401059"")",0.2582972582972583
"=HYPERLINK(""https://stackoverflow.com/q/34085695"", ""34085695"")",0.4118967452300785
"=HYPERLINK(""https://stackoverflow.com/q/34172317"", ""34172317"")",0.16455696202531642
"=HYPERLINK(""https://stackoverflow.com/q/34656482"", ""34656482"")",0.12204007285974501
"=HYPERLINK(""https://stackoverflow.com/q/34880856"", ""34880856"")",0.2589453860640301
"=HYPERLINK(""https://stackoverflow.com/q/34963112"", ""34963112"")",0.19330289193302888
"=HYPERLINK(""https://stackoverflow.com/q/35742554"", ""35742554"")",0.15989159891598914
"=HYPERLINK(""https://stackoverflow.com/q/35837025"", ""35837025"")",0.11235955056179776
"=HYPERLINK(""https://stackoverflow.com/q/35865098"", ""35865098"")",0.18792866941015088
"=HYPERLINK(""https://stackoverflow.com/q/36341976"", ""36341976"")",0.21717171717171715
"=HYPERLINK(""https://stackoverflow.com/q/36528140"", ""36528140"")",0.2455555555555555
"=HYPERLINK(""https://stackoverflow.com/q/37001598"", ""37001598"")",0.22909507445589913
"=HYPERLINK(""https://stackoverflow.com/q/37692232"", ""37692232"")",0.2366522366522366
"=HYPERLINK(""https://stackoverflow.com/q/37723718"", ""37723718"")",0.14951989026063098
"=HYPERLINK(""https://stackoverflow.com/q/37973949"", ""37973949"")",0.33467202141900937
"=HYPERLINK(""https://stackoverflow.com/q/38006238"", ""38006238"")",0.1656184486373165
"=HYPERLINK(""https://stackoverflow.com/q/38233602"", ""38233602"")",0.1587301587301587
"=HYPERLINK(""https://stackoverflow.com/q/38327633"", ""38327633"")",0.15656565656565655
"=HYPERLINK(""https://stackoverflow.com/q/38446394"", ""38446394"")",0.18567251461988302
"=HYPERLINK(""https://stackoverflow.com/q/38951765"", ""38951765"")",0.24818276220145383
"=HYPERLINK(""https://stackoverflow.com/q/40064989"", ""40064989"")",0.11269841269841274
"=HYPERLINK(""https://stackoverflow.com/q/41645111"", ""41645111"")",0.11111111111111112
"=HYPERLINK(""https://stackoverflow.com/q/41827855"", ""41827855"")",0.21202854230377166
"=HYPERLINK(""https://stackoverflow.com/q/41886336"", ""41886336"")",0.14575866188769415
"=HYPERLINK(""https://stackoverflow.com/q/42560474"", ""42560474"")",0.23280423280423282
"=HYPERLINK(""https://stackoverflow.com/q/42784576"", ""42784576"")",0.13440860215053763
"=HYPERLINK(""https://stackoverflow.com/q/42809056"", ""42809056"")",0.1171993911719939
"=HYPERLINK(""https://stackoverflow.com/q/43061699"", ""43061699"")",0.18777777777777774
"=HYPERLINK(""https://stackoverflow.com/q/43170471"", ""43170471"")",0.18106995884773663
"=HYPERLINK(""https://stackoverflow.com/q/43207458"", ""43207458"")",0.13368055555555555
"=HYPERLINK(""https://stackoverflow.com/q/43549963"", ""43549963"")",0.12393162393162392
"=HYPERLINK(""https://stackoverflow.com/q/43634549"", ""43634549"")",0.2616033755274261
"=HYPERLINK(""https://stackoverflow.com/q/43752772"", ""43752772"")",0.24346405228758172
"=HYPERLINK(""https://stackoverflow.com/q/43965841"", ""43965841"")",0.1795865633074935
"=HYPERLINK(""https://stackoverflow.com/q/44025410"", ""44025410"")",0.14619883040935672
"=HYPERLINK(""https://stackoverflow.com/q/44178802"", ""44178802"")",0.17188983855650525
"=HYPERLINK(""https://stackoverflow.com/q/44240704"", ""44240704"")",0.10307898259705486
"=HYPERLINK(""https://stackoverflow.com/q/44394501"", ""44394501"")",0.11276948590381428
"=HYPERLINK(""https://stackoverflow.com/q/44551967"", ""44551967"")",0.24210526315789477
"=HYPERLINK(""https://stackoverflow.com/q/44680025"", ""44680025"")",0.16017316017316013
"=HYPERLINK(""https://stackoverflow.com/q/44708936"", ""44708936"")",0.23529411764705893
"=HYPERLINK(""https://stackoverflow.com/q/45045407"", ""45045407"")",0.12429378531073451
"=HYPERLINK(""https://stackoverflow.com/q/45068055"", ""45068055"")",0.1837037037037037
"=HYPERLINK(""https://stackoverflow.com/q/45312549"", ""45312549"")",0.16200716845878138
"=HYPERLINK(""https://stackoverflow.com/q/45324416"", ""45324416"")",0.1647940074906367
"=HYPERLINK(""https://stackoverflow.com/q/45336337"", ""45336337"")",0.15784008307372796
"=HYPERLINK(""https://stackoverflow.com/q/45494320"", ""45494320"")",0.1310861423220974
"=HYPERLINK(""https://stackoverflow.com/q/45507738"", ""45507738"")",0.22222222222222218
"=HYPERLINK(""https://stackoverflow.com/q/45535094"", ""45535094"")",0.15949820788530467
"=HYPERLINK(""https://stackoverflow.com/q/45555483"", ""45555483"")",0.10298102981029807
"=HYPERLINK(""https://stackoverflow.com/q/45588139"", ""45588139"")",0.2066905615292712
"=HYPERLINK(""https://stackoverflow.com/q/45693510"", ""45693510"")",0.22385620915032672
"=HYPERLINK(""https://stackoverflow.com/q/45697947"", ""45697947"")",0.10052910052910055
"=HYPERLINK(""https://stackoverflow.com/q/45724820"", ""45724820"")",0.1330589849108367
"=HYPERLINK(""https://stackoverflow.com/q/45772221"", ""45772221"")",0.2967320261437909
"=HYPERLINK(""https://stackoverflow.com/q/45802802"", ""45802802"")",0.13358302122347063
"=HYPERLINK(""https://stackoverflow.com/q/45846521"", ""45846521"")",0.1393034825870647
"=HYPERLINK(""https://stackoverflow.com/q/45993730"", ""45993730"")",0.23943661971830985
"=HYPERLINK(""https://stackoverflow.com/q/46016491"", ""46016491"")",0.10732323232323229
"=HYPERLINK(""https://stackoverflow.com/q/46057517"", ""46057517"")",0.1709401709401709
"=HYPERLINK(""https://stackoverflow.com/q/46171283"", ""46171283"")",0.15649452269170575
"=HYPERLINK(""https://stackoverflow.com/q/46226398"", ""46226398"")",0.20923520923520914
"=HYPERLINK(""https://stackoverflow.com/q/46514457"", ""46514457"")",0.1792929292929293
"=HYPERLINK(""https://stackoverflow.com/q/46684369"", ""46684369"")",0.12241054613935974
"=HYPERLINK(""https://stackoverflow.com/q/46738962"", ""46738962"")",0.1288244766505636
"=HYPERLINK(""https://stackoverflow.com/q/46739891"", ""46739891"")",0.10942760942760944
"=HYPERLINK(""https://stackoverflow.com/q/47013133"", ""47013133"")",0.1404151404151404
"=HYPERLINK(""https://stackoverflow.com/q/47213805"", ""47213805"")",0.10370370370370376
"=HYPERLINK(""https://stackoverflow.com/q/47296300"", ""47296300"")",0.10317460317460314
"=HYPERLINK(""https://stackoverflow.com/q/47333242"", ""47333242"")",0.11764705882352941
"=HYPERLINK(""https://stackoverflow.com/q/47393775"", ""47393775"")",0.23247863247863246
"=HYPERLINK(""https://stackoverflow.com/q/47762700"", ""47762700"")",0.13611111111111107
"=HYPERLINK(""https://stackoverflow.com/q/47800766"", ""47800766"")",0.1509661835748792
"=HYPERLINK(""https://stackoverflow.com/q/47820964"", ""47820964"")",0.12345679012345678
"=HYPERLINK(""https://stackoverflow.com/q/47830107"", ""47830107"")",0.13472222222222216
"=HYPERLINK(""https://stackoverflow.com/q/48190454"", ""48190454"")",0.11755233494363927
"=HYPERLINK(""https://stackoverflow.com/q/48641569"", ""48641569"")",0.2176560121765601
"=HYPERLINK(""https://stackoverflow.com/q/48649652"", ""48649652"")",0.16604244694132334
"=HYPERLINK(""https://stackoverflow.com/q/48785562"", ""48785562"")",0.1319444444444444
"=HYPERLINK(""https://stackoverflow.com/q/48794510"", ""48794510"")",0.23015873015873012
"=HYPERLINK(""https://stackoverflow.com/q/48870896"", ""48870896"")",0.11111111111111112
"=HYPERLINK(""https://stackoverflow.com/q/48906831"", ""48906831"")",0.15584415584415576
"=HYPERLINK(""https://stackoverflow.com/q/49097763"", ""49097763"")",0.30812324929971985
"=HYPERLINK(""https://stackoverflow.com/q/49175094"", ""49175094"")",0.12991452991452987
"=HYPERLINK(""https://stackoverflow.com/q/49229199"", ""49229199"")",0.10357815442561209
"=HYPERLINK(""https://stackoverflow.com/q/49288450"", ""49288450"")",0.23976608187134502
"=HYPERLINK(""https://stackoverflow.com/q/49493225"", ""49493225"")",0.10172143974960875
"=HYPERLINK(""https://stackoverflow.com/q/49553459"", ""49553459"")",0.13034188034188032
"=HYPERLINK(""https://stackoverflow.com/q/49660802"", ""49660802"")",0.17562724014336914
"=HYPERLINK(""https://stackoverflow.com/q/50168921"", ""50168921"")",0.2570145903479237
"=HYPERLINK(""https://stackoverflow.com/q/50407983"", ""50407983"")",0.43184421534936984
"=HYPERLINK(""https://stackoverflow.com/q/50427696"", ""50427696"")",0.20155038759689922
"=HYPERLINK(""https://stackoverflow.com/q/50462355"", ""50462355"")",0.12429378531073451
"=HYPERLINK(""https://stackoverflow.com/q/50479987"", ""50479987"")",0.14351851851851852
"=HYPERLINK(""https://stackoverflow.com/q/50491544"", ""50491544"")",0.1702508960573476
"=HYPERLINK(""https://stackoverflow.com/q/50752250"", ""50752250"")",0.14430014430014423
"=HYPERLINK(""https://stackoverflow.com/q/50850661"", ""50850661"")",0.23958333333333331
"=HYPERLINK(""https://stackoverflow.com/q/51000955"", ""51000955"")",0.21111111111111108
"=HYPERLINK(""https://stackoverflow.com/q/51157760"", ""51157760"")",0.0965391621129326
"=HYPERLINK(""https://stackoverflow.com/q/51312073"", ""51312073"")",0.21450617283950615
"=HYPERLINK(""https://stackoverflow.com/q/51389551"", ""51389551"")",0.16835016835016833
"=HYPERLINK(""https://stackoverflow.com/q/51525766"", ""51525766"")",0.12191358024691355
"=HYPERLINK(""https://stackoverflow.com/q/51649558"", ""51649558"")",0.10018214936247723
"=HYPERLINK(""https://stackoverflow.com/q/51678234"", ""51678234"")",0.3135313531353135
"=HYPERLINK(""https://stackoverflow.com/q/51973751"", ""51973751"")",0.21596244131455394
"=HYPERLINK(""https://stackoverflow.com/q/51980747"", ""51980747"")",0.10666666666666665
"=HYPERLINK(""https://stackoverflow.com/q/52034362"", ""52034362"")",0.1717171717171717
"=HYPERLINK(""https://stackoverflow.com/q/52052148"", ""52052148"")",0.0938967136150235
"=HYPERLINK(""https://stackoverflow.com/q/52145113"", ""52145113"")",0.19999999999999998
"=HYPERLINK(""https://stackoverflow.com/q/52261990"", ""52261990"")",0.13771517996870108
"=HYPERLINK(""https://stackoverflow.com/q/52593036"", ""52593036"")",0.2122507122507122
"=HYPERLINK(""https://stackoverflow.com/q/52960863"", ""52960863"")",0.16915422885572137
"=HYPERLINK(""https://stackoverflow.com/q/53082622"", ""53082622"")",0.17272727272727273
"=HYPERLINK(""https://stackoverflow.com/q/53109130"", ""53109130"")",0.36998854524627706
"=HYPERLINK(""https://stackoverflow.com/q/53175144"", ""53175144"")",0.13773148148148148
"=HYPERLINK(""https://stackoverflow.com/q/53398068"", ""53398068"")",0.1511111111111111
"=HYPERLINK(""https://stackoverflow.com/q/53439446"", ""53439446"")",0.10485133020344288
"=HYPERLINK(""https://stackoverflow.com/q/53472963"", ""53472963"")",0.293719806763285
"=HYPERLINK(""https://stackoverflow.com/q/53528663"", ""53528663"")",0.1400304414003044
"=HYPERLINK(""https://stackoverflow.com/q/53590585"", ""53590585"")",0.2548148148148148
"=HYPERLINK(""https://stackoverflow.com/q/53707341"", ""53707341"")",0.15179968701095456
"=HYPERLINK(""https://stackoverflow.com/q/53808662"", ""53808662"")",0.11225658648339057
"=HYPERLINK(""https://stackoverflow.com/q/53944354"", ""53944354"")",0.14492753623188406
"=HYPERLINK(""https://stackoverflow.com/q/54005457"", ""54005457"")",0.13204508856682767
"=HYPERLINK(""https://stackoverflow.com/q/54079576"", ""54079576"")",0.2039573820395738
"=HYPERLINK(""https://stackoverflow.com/q/54123965"", ""54123965"")",0.1534391534391534
"=HYPERLINK(""https://stackoverflow.com/q/54186801"", ""54186801"")",0.15693012600229092
"=HYPERLINK(""https://stackoverflow.com/q/54520497"", ""54520497"")",0.15696649029982365
"=HYPERLINK(""https://stackoverflow.com/q/54563348"", ""54563348"")",0.22718253968253965
"=HYPERLINK(""https://stackoverflow.com/q/54604041"", ""54604041"")",0.09895833333333334
"=HYPERLINK(""https://stackoverflow.com/q/55064804"", ""55064804"")",0.1488673139158576
"=HYPERLINK(""https://stackoverflow.com/q/55116523"", ""55116523"")",0.24845679012345676
"=HYPERLINK(""https://stackoverflow.com/q/55178584"", ""55178584"")",0.20127504553734066
"=HYPERLINK(""https://stackoverflow.com/q/55179755"", ""55179755"")",0.13386880856760372
"=HYPERLINK(""https://stackoverflow.com/q/55224716"", ""55224716"")",0.12757201646090535
"=HYPERLINK(""https://stackoverflow.com/q/55275485"", ""55275485"")",0.1724867724867725
"=HYPERLINK(""https://stackoverflow.com/q/55350422"", ""55350422"")",0.15402298850574714
"=HYPERLINK(""https://stackoverflow.com/q/55408264"", ""55408264"")",0.19350811485642944
"=HYPERLINK(""https://stackoverflow.com/q/55514820"", ""55514820"")",0.1619047619047619
"=HYPERLINK(""https://stackoverflow.com/q/55559831"", ""55559831"")",0.15127175368139223
"=HYPERLINK(""https://stackoverflow.com/q/55726611"", ""55726611"")",0.21666666666666665
"=HYPERLINK(""https://stackoverflow.com/q/55795520"", ""55795520"")",0.1251758087201125
"=HYPERLINK(""https://stackoverflow.com/q/55801290"", ""55801290"")",0.10449735449735446
"=HYPERLINK(""https://stackoverflow.com/q/55835640"", ""55835640"")",0.22010582010582014
"=HYPERLINK(""https://stackoverflow.com/q/55905651"", ""55905651"")",0.12681159420289853
"=HYPERLINK(""https://stackoverflow.com/q/56074106"", ""56074106"")",0.10035842293906812
"=HYPERLINK(""https://stackoverflow.com/q/56130522"", ""56130522"")",0.15463917525773194
"=HYPERLINK(""https://stackoverflow.com/q/56165773"", ""56165773"")",0.11587301587301585
"=HYPERLINK(""https://stackoverflow.com/q/56215583"", ""56215583"")",0.11746031746031746
"=HYPERLINK(""https://stackoverflow.com/q/56284033"", ""56284033"")",0.2571262361838278
"=HYPERLINK(""https://stackoverflow.com/q/56312879"", ""56312879"")",0.12409812409812407
"=HYPERLINK(""https://stackoverflow.com/q/56556456"", ""56556456"")",0.15046296296296294
"=HYPERLINK(""https://stackoverflow.com/q/56586268"", ""56586268"")",0.15669515669515666
"=HYPERLINK(""https://stackoverflow.com/q/56587997"", ""56587997"")",0.18121693121693122
"=HYPERLINK(""https://stackoverflow.com/q/56633307"", ""56633307"")",0.18599033816425117
"=HYPERLINK(""https://stackoverflow.com/q/56679178"", ""56679178"")",0.19444444444444442
"=HYPERLINK(""https://stackoverflow.com/q/56741525"", ""56741525"")",0.30180180180180183
"=HYPERLINK(""https://stackoverflow.com/q/56838816"", ""56838816"")",0.11363636363636363
"=HYPERLINK(""https://stackoverflow.com/q/57016969"", ""57016969"")",0.1448189762796504
"=HYPERLINK(""https://stackoverflow.com/q/57017120"", ""57017120"")",0.1156156156156156
"=HYPERLINK(""https://stackoverflow.com/q/57061468"", ""57061468"")",0.15624999999999997
"=HYPERLINK(""https://stackoverflow.com/q/57076871"", ""57076871"")",0.16666666666666663
"=HYPERLINK(""https://stackoverflow.com/q/57097533"", ""57097533"")",0.18713450292397665
"=HYPERLINK(""https://stackoverflow.com/q/57256084"", ""57256084"")",0.15300546448087432
"=HYPERLINK(""https://stackoverflow.com/q/57355228"", ""57355228"")",0.1444444444444444
"=HYPERLINK(""https://stackoverflow.com/q/57363284"", ""57363284"")",0.137037037037037
"=HYPERLINK(""https://stackoverflow.com/q/57474055"", ""57474055"")",0.16181229773462777
"=HYPERLINK(""https://stackoverflow.com/q/57496839"", ""57496839"")",0.18859649122807018
"=HYPERLINK(""https://stackoverflow.com/q/57502125"", ""57502125"")",0.13960113960113957
"=HYPERLINK(""https://stackoverflow.com/q/57516377"", ""57516377"")",0.13390313390313388
"=HYPERLINK(""https://stackoverflow.com/q/57516603"", ""57516603"")",0.20987654320987653
"=HYPERLINK(""https://stackoverflow.com/q/57810467"", ""57810467"")",0.1435185185185185
"=HYPERLINK(""https://stackoverflow.com/q/57901336"", ""57901336"")",0.13636363636363635
"=HYPERLINK(""https://stackoverflow.com/q/58031932"", ""58031932"")",0.13580246913580246
"=HYPERLINK(""https://stackoverflow.com/q/58081651"", ""58081651"")",0.24622222222222218
"=HYPERLINK(""https://stackoverflow.com/q/58091962"", ""58091962"")",0.29576338928856916
"=HYPERLINK(""https://stackoverflow.com/q/58109112"", ""58109112"")",0.1111111111111111
"=HYPERLINK(""https://stackoverflow.com/q/58151144"", ""58151144"")",0.1092278719397364
"=HYPERLINK(""https://stackoverflow.com/q/58170140"", ""58170140"")",0.24017957351290686
"=HYPERLINK(""https://stackoverflow.com/q/58273933"", ""58273933"")",0.12916666666666662
"=HYPERLINK(""https://stackoverflow.com/q/58293197"", ""58293197"")",0.10779436152570482
"=HYPERLINK(""https://stackoverflow.com/q/58346580"", ""58346580"")",0.1810699588477366
"=HYPERLINK(""https://stackoverflow.com/q/58428940"", ""58428940"")",0.21924603174603174
"=HYPERLINK(""https://stackoverflow.com/q/58430408"", ""58430408"")",0.3113207547169811
"=HYPERLINK(""https://stackoverflow.com/q/58473686"", ""58473686"")",0.14459665144596648
"=HYPERLINK(""https://stackoverflow.com/q/58682411"", ""58682411"")",0.14777777777777776
"=HYPERLINK(""https://stackoverflow.com/q/58701030"", ""58701030"")",0.1349206349206349
"=HYPERLINK(""https://stackoverflow.com/q/58730516"", ""58730516"")",0.18171296296296294
"=HYPERLINK(""https://stackoverflow.com/q/58738924"", ""58738924"")",0.2578347578347578
"=HYPERLINK(""https://stackoverflow.com/q/58832168"", ""58832168"")",0.11695906432748537
"=HYPERLINK(""https://stackoverflow.com/q/58885227"", ""58885227"")",0.13888888888888887
"=HYPERLINK(""https://stackoverflow.com/q/59005965"", ""59005965"")",0.18692810457516335
"=HYPERLINK(""https://stackoverflow.com/q/59022984"", ""59022984"")",0.14606741573033705
"=HYPERLINK(""https://stackoverflow.com/q/59089647"", ""59089647"")",0.2222222222222222
"=HYPERLINK(""https://stackoverflow.com/q/59094028"", ""59094028"")",0.13363363363363365
"=HYPERLINK(""https://stackoverflow.com/q/59110327"", ""59110327"")",0.22605363984674323
"=HYPERLINK(""https://stackoverflow.com/q/59146323"", ""59146323"")",0.13771517996870108
"=HYPERLINK(""https://stackoverflow.com/q/59223342"", ""59223342"")",0.24858757062146888
"=HYPERLINK(""https://stackoverflow.com/q/59406878"", ""59406878"")",0.13492063492063489
"=HYPERLINK(""https://stackoverflow.com/q/59475173"", ""59475173"")",0.1819291819291819
"=HYPERLINK(""https://stackoverflow.com/q/59530814"", ""59530814"")",0.21067821067821066
"=HYPERLINK(""https://stackoverflow.com/q/59551703"", ""59551703"")",0.26388888888888884
"=HYPERLINK(""https://stackoverflow.com/q/59625496"", ""59625496"")",0.11452991452991453
"=HYPERLINK(""https://stackoverflow.com/q/59655025"", ""59655025"")",0.13580246913580246
"=HYPERLINK(""https://stackoverflow.com/q/59794418"", ""59794418"")",0.1004566210045662
"=HYPERLINK(""https://stackoverflow.com/q/59875146"", ""59875146"")",0.1978319783197832
"=HYPERLINK(""https://stackoverflow.com/q/60005455"", ""60005455"")",0.15619967793880832
"=HYPERLINK(""https://stackoverflow.com/q/60153052"", ""60153052"")",0.19241192411924116
"=HYPERLINK(""https://stackoverflow.com/q/60200773"", ""60200773"")",0.10606060606060608
"=HYPERLINK(""https://stackoverflow.com/q/60210752"", ""60210752"")",0.11561561561561559
"=HYPERLINK(""https://stackoverflow.com/q/60218411"", ""60218411"")",0.15525114155251138
"=HYPERLINK(""https://stackoverflow.com/q/60366748"", ""60366748"")",0.14055080721747387
"=HYPERLINK(""https://stackoverflow.com/q/60543867"", ""60543867"")",0.1354642313546423
"=HYPERLINK(""https://stackoverflow.com/q/60649506"", ""60649506"")",0.22614379084967318
"=HYPERLINK(""https://stackoverflow.com/q/60859441"", ""60859441"")",0.1485507246376811
"=HYPERLINK(""https://stackoverflow.com/q/61350573"", ""61350573"")",0.16145833333333331
"=HYPERLINK(""https://stackoverflow.com/q/61489793"", ""61489793"")",0.14188034188034185
"=HYPERLINK(""https://stackoverflow.com/q/61526756"", ""61526756"")",0.0922787193973635
"=HYPERLINK(""https://stackoverflow.com/q/61583655"", ""61583655"")",0.16557734204793026
"=HYPERLINK(""https://stackoverflow.com/q/61656958"", ""61656958"")",0.6465116279069767
"=HYPERLINK(""https://stackoverflow.com/q/61671196"", ""61671196"")",0.1368760064412238
"=HYPERLINK(""https://stackoverflow.com/q/61674856"", ""61674856"")",0.24856815578465064
"=HYPERLINK(""https://stackoverflow.com/q/61766048"", ""61766048"")",0.1154970760233918
"=HYPERLINK(""https://stackoverflow.com/q/61817845"", ""61817845"")",0.1267361111111111
